date,corn,soybean,wheat
2009-04-09,3.9,10.07,5.22
2009-04-13,3.88,10.22,5.23
2009-04-14,3.94,10.36,5.22
2009-04-15,3.85,10.35,5.15
2009-04-16,3.86,10.59,5.25
2009-04-17,3.76,10.51,5.23
2009-04-20,3.7,10.19,5.05
2009-04-21,3.74,10.38,5.1
2009-04-22,3.74,10.46,5.17
2009-04-23,3.81,10.38,5.29
2009-04-24,3.77,10.4,5.32
2009-04-27,3.74,10.03,5.1
2009-04-28,3.78,9.87,5.15
2009-04-29,3.98,10.29,5.28
2009-04-30,4.02,10.58,5.34
2009-05-01,4.14,10.91,5.7
2009-05-04,4.06,11.04,5.51
2009-05-05,4.05,11.01,5.54
2009-05-06,4.08,11.18,5.59
2009-05-07,4.12,11.02,5.7
2009-05-08,4.21,11.12,5.91
2009-05-11,4.21,11.16,5.91
2009-05-12,4.28,11.18,5.93
2009-05-13,4.27,11.28,5.89
2009-05-14,4.28,11.48,5.93
2009-05-15,4.17,11.31,5.78
2009-05-18,4.22,11.47,5.91
2009-05-19,4.26,11.62,5.89
2009-05-20,4.26,11.69,5.98
2009-05-21,4.24,11.75,5.94
2009-05-22,4.3,11.66,6.13
2009-05-26,4.28,11.86,6.12
2009-05-27,4.26,11.87,6.26
2009-05-28,4.29,11.79,6.31
2009-05-29,4.36,11.84,6.37
2009-06-01,4.46,12.19,6.75
2009-06-02,4.5,12.09,6.7
2009-06-03,4.33,11.82,6.18
2009-06-04,4.49,12.3,6.35
2009-06-05,4.44,12.26,6.23
2009-06-08,4.35,12.33,5.98
2009-06-09,4.44,12.44,6.14
2009-06-10,4.36,12.46,5.96
2009-06-11,4.41,12.67,5.95
2009-06-12,4.26,12.46,5.85
2009-06-15,4.06,11.97,5.75
2009-06-16,4.04,12.01,5.66
2009-06-17,4.08,12.06,5.66
2009-06-18,4.03,12.14,5.6
2009-06-19,3.99,11.79,5.55
2009-06-22,3.85,11.52,5.46
2009-06-23,3.89,11.79,5.47
2009-06-24,3.87,11.85,5.4
2009-06-25,3.84,11.82,5.39
2009-06-26,3.87,11.72,5.46
2009-06-29,3.82,11.59,5.46
2009-06-30,3.53,11.41,5.35
2009-07-01,3.57,11.61,5.36
2009-07-02,3.46,11.54,5.29
2009-07-06,3.35,11.19,5.19
2009-07-07,3.26,10.54,5.13
2009-07-08,3.25,10.15,5.17
2009-07-09,3.3,10.48,5.22
2009-07-10,3.28,10.45,5.19
2009-07-13,3.32,10.19,5.43
2009-07-14,3.39,10.35,5.3
2009-07-15,3.3,10.21,5.35
2009-07-16,3.17,9.76,5.33
2009-07-17,3.22,10.1,5.42
2009-07-20,3.23,10.33,5.42
2009-07-21,3.12,10.15,5.35
2009-07-22,3.08,10.19,5.22
2009-07-23,3.27,10.24,5.32
2009-07-24,3.16,10.21,5.16
2009-07-27,3.22,10.21,5.21
2009-07-28,3.21,10.37,5.16
2009-07-29,3.21,10.2,5.12
2009-07-30,3.32,10.69,5.16
2009-07-31,3.4,10.62,5.28
2009-08-03,3.58,10.89,5.49
2009-08-04,3.55,10.84,5.42
2009-08-05,3.47,10.88,5.29
2009-08-06,3.33,10.8,5
2009-08-07,3.22,10.91,4.9
2009-08-10,3.24,10.68,4.94
2009-08-11,3.27,10.98,4.85
2009-08-12,3.31,10.93,4.9
2009-08-13,3.25,10.65,4.82
2009-08-14,3.19,10.25,4.82
2009-08-17,3.14,9.88,4.72
2009-08-18,3.15,9.96,4.71
2009-08-19,3.2,9.97,4.66
2009-08-20,3.19,9.99,4.69
2009-08-21,3.22,10.23,4.6
2009-08-24,3.3,10.8,4.72
2009-08-25,3.22,10.91,4.71
2009-08-26,3.22,10.72,4.84
2009-08-27,3.26,10.67,4.86
2009-08-28,3.26,10.61,4.84
2009-08-31,3.29,10.04,4.93
2009-09-01,3.19,9.56,4.87
2009-09-02,3.19,9.51,4.86
2009-09-03,3.16,9.42,4.79
2009-09-04,3.06,9.22,4.72
2009-09-08,3.08,9.37,4.59
2009-09-09,3.1,9.29,4.56
2009-09-10,3.15,9.27,4.59
2009-09-11,3.2,9.03,4.67
2009-09-14,3.18,9.09,4.54
2009-09-15,3.47,9.6,4.71
2009-09-16,3.36,9.51,4.67
2009-09-17,3.29,9.53,4.62
2009-09-18,3.18,9.41,4.57
2009-09-21,3.16,9.14,4.56
2009-09-22,3.26,9.22,4.56
2009-09-23,3.3,9.21,4.6
2009-09-24,3.37,9.2,4.73
2009-09-25,3.34,9.26,4.5
2009-09-28,3.39,9.2,4.56
2009-09-29,3.41,9.17,4.48
2009-09-30,3.44,9.27,4.58
2009-10-01,3.41,9.18,4.53
2009-10-02,3.34,8.85,4.41
2009-10-05,3.42,8.85,4.43
2009-10-06,3.58,9.1,4.6
2009-10-07,3.6,9.12,4.63
2009-10-08,3.64,9.36,4.74
2009-10-09,3.62,9.64,4.68
2009-10-12,3.81,9.99,4.94
2009-10-13,3.82,9.93,5.11
2009-10-14,3.83,9.94,5.13
2009-10-15,3.73,9.83,5.05
2009-10-16,3.72,9.78,4.99
2009-10-19,3.86,9.96,5.18
2009-10-20,3.85,9.83,5.18
2009-10-21,3.98,10.09,5.43
2009-10-22,4.04,10.06,5.52
2009-10-23,3.98,10.06,5.48
2009-10-26,3.78,9.87,5.27
2009-10-27,3.71,9.74,5.03
2009-10-28,3.69,9.69,4.95
2009-10-29,3.8,9.86,5.04
2009-10-30,3.66,9.77,4.94
2009-11-02,3.82,9.98,5.17
2009-11-03,3.9,10.11,5.16
2009-11-04,3.84,9.99,5.21
2009-11-05,3.77,9.72,5.12
2009-11-06,3.67,9.55,4.97
2009-11-09,3.86,9.72,5.2
2009-11-10,3.95,9.68,5.23
2009-11-11,3.94,9.72,5.32
2009-11-12,3.91,9.9,5.32
2009-11-13,3.91,9.87,5.39
2009-11-16,4.02,10.1,5.62
2009-11-17,4.02,10.3,5.75
2009-11-18,3.98,10.27,5.66
2009-11-19,3.95,10.39,5.63
2009-11-20,3.91,10.46,5.6
2009-11-23,3.87,10.42,5.57
2009-11-24,3.79,10.46,5.37
2009-11-25,3.98,10.55,5.59
2009-11-27,4.07,10.53,5.61
2009-11-30,4.15,10.61,5.85
2009-12-01,4.15,10.6,5.84
2009-12-02,4.07,10.34,5.76
2009-12-03,4.01,10.47,5.72
2009-12-04,3.89,10.43,5.58
2009-12-07,3.84,10.53,5.48
2009-12-08,3.85,10.44,5.4
2009-12-09,3.84,10.29,5.35
2009-12-10,3.93,10.27,5.37
2009-12-11,4.05,10.35,5.38
2009-12-14,4.09,10.55,5.44
2009-12-15,4.08,10.55,5.37
2009-12-16,4.1,10.6,5.37
2009-12-17,3.97,10.22,5.19
2009-12-18,3.98,10.12,5.28
2009-12-21,4,10.01,5.2
2009-12-22,3.99,9.91,5.23
2009-12-23,4.05,10.01,5.29
2009-12-24,4.09,10,5.25
2009-12-28,4.16,10.31,5.51
2009-12-29,4.17,10.42,5.41
2009-12-30,4.14,10.41,5.45
2009-12-31,4.15,10.47,5.42
2010-01-04,4.19,10.58,5.58
2010-01-05,4.19,10.61,5.53
2010-01-06,4.22,10.59,5.67
2010-01-07,4.18,10.26,5.58
2010-01-08,4.23,10.22,5.69
2010-01-11,4.23,10.11,5.73
2010-01-12,3.93,9.78,5.36
2010-01-13,3.84,9.93,5.37
2010-01-14,3.81,9.84,5.28
2010-01-15,3.72,9.74,5.1
2010-01-19,3.69,9.64,5.01
2010-01-20,3.68,9.5,4.98
2010-01-21,3.72,9.54,5
2010-01-22,3.65,9.52,4.99
2010-01-25,3.68,9.41,4.98
2010-01-26,3.62,9.48,4.94
2010-01-27,3.58,9.29,4.84
2010-01-28,3.62,9.32,4.87
2010-01-29,3.57,9.14,4.74
2010-02-01,3.59,9.1,4.75
2010-02-02,3.65,9.26,4.87
2010-02-03,3.53,9.08,4.69
2010-02-04,3.54,9.14,4.76
2010-02-05,3.52,9.14,4.73
2010-02-08,3.56,9.3,4.84
2010-02-09,3.59,9.25,4.82
2010-02-10,3.62,9.38,4.97
2010-02-11,3.63,9.43,4.94
2010-02-12,3.62,9.45,4.87
2010-02-16,3.67,9.66,5.05
2010-02-17,3.6,9.52,4.95
2010-02-18,3.57,9.48,4.85
2010-02-19,3.6,9.45,4.9
2010-02-22,3.72,9.62,5.01
2010-02-23,3.7,9.54,4.95
2010-02-24,3.8,9.59,5.06
2010-02-25,3.79,9.47,4.98
2010-02-26,3.87,9.59,5.17
2010-03-01,3.82,9.63,5.05
2010-03-02,3.82,9.64,5.05
2010-03-03,3.87,9.64,5.16
2010-03-04,3.83,9.42,5.02
2010-03-05,3.76,9.43,4.94
2010-03-08,3.75,9.48,4.95
2010-03-09,3.69,9.48,4.9
2010-03-10,3.66,9.58,4.82
2010-03-11,3.65,9.31,4.79
2010-03-12,3.64,9.26,4.85
2010-03-15,3.63,9.3,4.79
2010-03-16,3.67,9.45,4.87
2010-03-17,3.74,9.59,4.96
2010-03-18,3.76,9.6,4.89
2010-03-19,3.75,9.62,4.84
2010-03-22,3.71,9.69,4.87
2010-03-23,3.63,9.68,4.77
2010-03-24,3.65,9.6,4.76
2010-03-25,3.55,9.43,4.67
2010-03-26,3.56,9.52,4.65
2010-03-29,3.57,9.68,4.65
2010-03-30,3.55,9.74,4.72
2010-03-31,3.45,9.41,4.51
2010-04-01,3.45,9.42,4.55
2010-04-05,3.46,9.36,4.54
2010-04-06,3.47,9.45,4.64
2010-04-07,3.57,9.53,4.75
2010-04-08,3.48,9.47,4.69
2010-04-09,3.46,9.52,4.66
2010-04-12,3.48,9.6,4.68
2010-04-13,3.53,9.68,4.76
2010-04-14,3.58,9.69,4.75
2010-04-15,3.63,9.84,4.8
2010-04-16,3.64,9.85,4.91
2010-04-19,3.48,9.77,4.68
2010-04-20,3.56,9.84,4.86
2010-04-21,3.59,9.96,4.87
2010-04-22,3.62,10.04,4.99
2010-04-23,3.53,10,4.93
2010-04-26,3.52,9.99,4.76
2010-04-27,3.49,9.85,4.81
2010-04-28,3.6,9.87,4.81
2010-04-29,3.66,9.92,4.91
2010-04-30,3.73,9.97,5.01
2010-05-03,3.72,9.87,5.02
2010-05-04,3.69,9.87,5.11
2010-05-05,3.73,9.78,5.12
2010-05-06,3.71,9.54,5.08
2010-05-07,3.72,9.6,5.11
2010-05-10,3.71,9.61,4.93
2010-05-11,3.77,9.66,4.93
2010-05-12,3.78,9.66,4.92
2010-05-13,3.73,9.65,4.79
2010-05-14,3.63,9.54,4.72
2010-05-17,3.56,9.41,4.69
2010-05-18,3.6,9.4,4.68
2010-05-19,3.59,9.39,4.69
2010-05-20,3.62,9.44,4.7
2010-05-21,3.69,9.41,4.72
2010-05-24,3.71,9.41,4.68
2010-05-25,3.64,9.31,4.61
2010-05-26,3.72,9.38,4.62
2010-05-27,3.73,9.52,4.68
2010-05-28,3.59,9.38,4.58
2010-06-01,3.54,9.32,4.51
2010-06-02,3.49,9.33,4.43
2010-06-03,3.5,9.55,4.42
2010-06-04,3.4,9.35,4.36
2010-06-07,3.36,9.35,4.32
2010-06-08,3.37,9.31,4.32
2010-06-09,3.38,9.44,4.28
2010-06-10,3.43,9.35,4.33
2010-06-11,3.5,9.46,4.41
2010-06-14,3.54,9.52,4.52
2010-06-15,3.54,9.5,4.52
2010-06-16,3.56,9.58,4.61
2010-06-17,3.58,9.52,4.63
2010-06-18,3.61,9.61,4.62
2010-06-21,3.55,9.63,4.62
2010-06-22,3.52,9.66,4.61
2010-06-23,3.47,9.58,4.62
2010-06-24,3.45,9.56,4.63
2010-06-25,3.42,9.54,4.59
2010-06-28,3.37,9.49,4.56
2010-06-29,3.3,9.38,4.51
2010-06-30,3.61,9.35,4.77
2010-07-01,3.73,9.37,5
2010-07-02,3.73,9.45,5.03
2010-07-06,3.68,9.41,5.08
2010-07-07,3.78,9.68,5.31
2010-07-08,3.86,9.83,5.49
2010-07-09,3.84,9.93,5.38
2010-07-12,3.8,9.98,5.36
2010-07-13,3.75,9.95,5.49
2010-07-14,3.84,9.98,5.59
2010-07-15,3.93,10.19,5.96
2010-07-16,3.95,10.2,5.87
2010-07-19,3.82,10.08,5.82
2010-07-20,3.74,10.12,5.77
2010-07-21,3.8,10.15,5.88
2010-07-22,3.77,10.16,5.97
2010-07-23,3.71,10.17,5.96
2010-07-26,3.64,9.98,5.9
2010-07-27,3.63,9.93,5.95
2010-07-28,3.76,10,6.16
2010-07-29,3.79,10.06,6.28
2010-07-30,3.93,10.2,6.62
2010-08-02,3.91,10.19,6.93
2010-08-03,3.9,10.23,6.8
2010-08-04,4,10.29,7.26
2010-08-05,4.04,10.35,7.86
2010-08-06,4.05,10.39,7.26
2010-08-09,4.03,10.35,7.13
2010-08-10,3.94,10.21,6.95
2010-08-11,3.96,10.17,6.95
2010-08-12,4.06,10.26,7.13
2010-08-13,4.12,10.44,7.03
2010-08-16,4.07,10.34,6.64
2010-08-17,4.15,10.45,6.51
2010-08-18,4.19,10.35,6.56
2010-08-19,4.14,10.17,6.81
2010-08-20,4.21,10.09,6.79
2010-08-23,4.17,10.07,6.92
2010-08-24,4.05,10,6.75
2010-08-25,4.05,10,6.48
2010-08-26,4.2,10.13,6.63
2010-08-27,4.27,10.24,6.76
2010-08-30,4.35,10.21,6.91
2010-08-31,4.36,10.1,6.79
2010-09-01,4.47,10.06,7.09
2010-09-02,4.48,10.09,7.14
2010-09-03,4.65,10.35,7.41
2010-09-07,4.66,10.52,7.35
2010-09-08,4.63,10.49,7.11
2010-09-09,4.71,10.46,7.38
2010-09-10,4.78,10.31,7.37
2010-09-13,4.84,10.35,7.45
2010-09-14,4.95,10.36,7.36
2010-09-15,4.95,10.43,7.27
2010-09-16,4.96,10.36,7.19
2010-09-17,5.13,10.69,7.39
2010-09-20,5.08,10.85,7.32
2010-09-21,5.05,10.8,7.18
2010-09-22,5.05,10.89,7.2
2010-09-23,4.99,10.94,6.97
2010-09-24,5.22,11.26,7.2
2010-09-27,5.13,11.29,7.07
2010-09-28,5,11.1,6.85
2010-09-29,5.05,10.99,6.84
2010-09-30,4.96,11.07,6.74
2010-10-01,4.66,10.57,6.55
2010-10-04,4.72,10.54,6.47
2010-10-05,4.91,10.72,6.64
2010-10-06,4.89,10.62,6.58
2010-10-07,4.98,10.65,6.59
2010-10-08,5.28,11.35,7.19
2010-10-11,5.56,11.53,7.09
2010-10-12,5.79,11.79,7.1
2010-10-13,5.69,11.77,7.03
2010-10-14,5.67,11.89,7.01
2010-10-15,5.63,11.85,7.05
2010-10-18,5.57,11.84,6.9
2010-10-19,5.46,11.8,6.72
2010-10-20,5.74,12.12,6.83
2010-10-21,5.64,12.02,6.69
2010-10-22,5.6,12,6.71
2010-10-25,5.69,12.18,6.74
2010-10-26,5.71,12.21,6.92
2010-10-27,5.77,12.29,7.03
2010-10-28,5.79,12.32,7.18
2010-10-29,5.82,12.34,7.17
2010-11-01,5.77,12.35,7.03
2010-11-02,5.76,12.34,6.94
2010-11-03,5.81,12.38,6.9
2010-11-04,5.9,12.75,7.14
2010-11-05,5.88,12.84,7.29
2010-11-08,5.85,12.75,7.36
2010-11-09,5.76,13.29,7.22
2010-11-10,5.67,13.2,7.1
2010-11-11,5.64,13.39,7.04
2010-11-12,5.34,12.69,6.69
2010-11-15,5.56,12.87,6.73
2010-11-16,5.27,12.2,6.26
2010-11-17,5.26,12.05,6.33
2010-11-18,5.42,12.42,6.45
2010-11-19,5.21,12.02,6.45
2010-11-22,5.15,12.22,6.46
2010-11-23,5.29,12.39,6.42
2010-11-24,5.42,12.55,6.55
2010-11-26,5.44,12.39,6.64
2010-11-29,5.47,12.35,6.74
2010-11-30,5.41,12.43,6.82
2010-12-01,5.66,12.83,7.4
2010-12-02,5.56,12.8,7.49
2010-12-03,5.74,13,7.79
2010-12-06,5.68,12.89,7.93
2010-12-07,5.62,12.86,7.85
2010-12-08,5.75,12.96,7.84
2010-12-09,5.74,12.82,7.89
2010-12-10,5.74,12.73,7.76
2010-12-13,5.89,13.03,7.8
2010-12-14,5.87,12.96,7.63
2010-12-15,5.84,12.97,7.65
2010-12-16,5.88,12.89,7.5
2010-12-17,5.97,12.99,7.57
2010-12-20,6,13.15,7.7
2010-12-21,6.02,13.26,7.65
2010-12-22,6.09,13.29,7.84
2010-12-23,6.14,13.5,7.83
2010-12-27,6.15,13.73,7.8
2010-12-28,6.23,13.78,7.98
2010-12-29,6.24,13.7,7.99
2010-12-30,6.16,13.72,7.85
2010-12-31,6.29,14.01,7.94
2011-01-03,6.21,13.79,8.06
2011-01-04,6.09,13.7,7.89
2011-01-05,6.19,13.94,8.08
2011-01-06,6.02,13.78,7.89
2011-01-07,5.95,13.65,7.74
2011-01-10,6.07,13.81,7.67
2011-01-11,6.07,13.57,7.6
2011-01-12,6.31,14.15,7.71
2011-01-13,6.43,14.16,7.84
2011-01-14,6.49,14.23,7.73
2011-01-18,6.6,14.13,7.93
2011-01-19,6.41,14.12,7.97
2011-01-20,6.54,14.14,8.04
2011-01-21,6.57,14.12,8.25
2011-01-24,6.55,14.05,8.35
2011-01-25,6.44,13.75,8.38
2011-01-26,6.58,13.86,8.57
2011-01-27,6.51,14,8.46
2011-01-28,6.44,13.98,8.26
2011-01-31,6.6,14.13,8.41
2011-02-01,6.66,14.38,8.36
2011-02-02,6.69,14.44,8.63
2011-02-03,6.63,14.36,8.59
2011-02-04,6.79,14.34,8.54
2011-02-07,6.75,14.25,8.59
2011-02-08,6.74,14.34,8.74
2011-02-09,6.98,14.51,8.86
2011-02-10,6.99,14.33,8.63
2011-02-11,7.07,14.16,8.67
2011-02-14,6.96,14.03,8.72
2011-02-15,6.91,13.68,8.4
2011-02-16,6.91,13.66,8.37
2011-02-17,7.13,14.05,8.51
2011-02-18,7.1,13.68,8.22
2011-02-22,6.8,12.98,7.62
2011-02-23,6.94,13.22,7.7
2011-02-24,6.9,13.23,7.61
2011-02-25,7.18,13.71,7.97
2011-02-28,7.29,13.63,8.1
2011-03-01,7.36,13.75,8.1
2011-03-02,7.22,13.94,8.11
2011-03-03,7.37,14.12,8.24
2011-03-04,7.28,14.14,8.32
2011-03-07,7.18,13.95,8.01
2011-03-08,7.06,13.82,7.8
2011-03-09,7.01,13.49,7.59
2011-03-10,6.83,13.56,7.41
2011-03-11,6.64,13.35,7.19
2011-03-14,6.66,13.4,7.21
2011-03-15,6.36,12.7,6.68
2011-03-16,6.17,12.87,6.62
2011-03-17,6.47,13.35,7.1
2011-03-18,6.84,13.63,7.23
2011-03-21,6.87,13.63,7.21
2011-03-22,6.87,13.66,7.22
2011-03-23,6.81,13.51,7.14
2011-03-24,7.03,13.55,7.4
2011-03-25,6.9,13.58,7.33
2011-03-28,6.71,13.49,7.25
2011-03-29,6.72,13.62,7.37
2011-03-30,6.63,13.72,7.27
2011-03-31,6.93,14.1,7.63
2011-04-01,7.36,13.94,7.6
2011-04-04,7.6,13.84,7.9
2011-04-05,7.67,13.73,7.86
2011-04-06,7.63,13.77,7.82
2011-04-07,7.59,13.64,7.73
2011-04-08,7.68,13.92,7.98
2011-04-11,7.76,13.69,7.98
2011-04-12,7.53,13.3,7.6
2011-04-13,7.56,13.34,7.53
2011-04-14,7.54,13.31,7.41
2011-04-15,7.42,13.32,7.44
2011-04-18,7.52,13.44,7.75
2011-04-19,7.49,13.42,7.86
2011-04-20,7.33,13.58,7.85
2011-04-21,7.37,13.81,8
2011-04-25,7.63,13.9,8.26
2011-04-26,7.68,13.84,8.18
2011-04-27,7.55,13.81,7.91
2011-04-28,7.27,13.52,7.64
2011-04-29,7.56,13.94,7.95
2011-05-02,7.35,13.93,7.92
2011-05-03,7.24,13.64,7.93
2011-05-04,7.3,13.52,7.72
2011-05-05,7.09,13.22,7.54
2011-05-06,6.86,13.26,7.6
2011-05-09,7.08,13.35,7.91
2011-05-10,7.07,13.38,7.99
2011-05-11,6.77,13.32,7.59
2011-05-12,6.81,13.43,7.36
2011-05-13,6.82,13.3,7.28
2011-05-16,6.98,13.27,7.37
2011-05-17,7.2,13.41,7.64
2011-05-18,7.5,13.8,8.17
2011-05-19,7.48,13.8,8.12
2011-05-20,7.6,13.8,8.07
2011-05-23,7.54,13.74,8.03
2011-05-24,7.33,13.72,7.8
2011-05-25,7.42,13.77,7.97
2011-05-26,7.46,13.85,8.15
2011-05-27,7.59,13.8,8.2
2011-05-31,7.48,13.76,7.82
2011-06-01,7.59,13.86,7.59
2011-06-02,7.67,14.07,7.7
2011-06-03,7.54,14.15,7.74
2011-06-06,7.32,13.83,7.44
2011-06-07,7.37,13.94,7.34
2011-06-08,7.64,14.02,7.48
2011-06-09,7.86,13.94,7.45
2011-06-10,7.87,13.87,7.59
2011-06-13,7.83,13.83,7.43
2011-06-14,7.56,13.68,7.31
2011-06-15,7.26,13.68,7.09
2011-06-16,7.02,13.51,6.73
2011-06-17,7,13.33,6.72
2011-06-20,7.01,13.36,6.59
2011-06-21,7.08,13.49,6.74
2011-06-22,6.78,13.3,6.38
2011-06-23,6.81,13.18,6.49
2011-06-24,6.7,13.2,6.36
2011-06-27,6.57,13.28,6.28
2011-06-28,6.78,13.28,6.53
2011-06-29,6.86,13.3,6.61
2011-06-30,6.44,13.01,6.08
2011-07-01,6.07,13.13,6.12
2011-07-05,6.26,13.22,6.36
2011-07-06,6.19,13.22,6.27
2011-07-07,6.25,13.41,6.35
2011-07-08,6.42,13.47,6.51
2011-07-11,6.43,13.47,6.39
2011-07-12,6.64,13.56,6.72
2011-07-13,6.87,13.75,7.15
2011-07-14,6.91,13.82,7.07
2011-07-15,7.01,13.86,6.95
2011-07-18,6.96,13.86,6.9
2011-07-19,6.98,13.79,6.94
2011-07-20,6.88,13.78,6.97
2011-07-21,6.79,13.8,6.77
2011-07-22,6.9,13.8,6.92
2011-07-25,6.79,13.66,6.89
2011-07-26,6.9,13.82,6.94
2011-07-27,6.92,13.74,7.05
2011-07-28,6.82,13.65,6.93
2011-07-29,6.66,13.5,6.73
2011-08-01,6.81,13.53,6.77
2011-08-02,7.11,13.7,7.18
2011-08-03,7.06,13.64,7.11
2011-08-04,6.94,13.36,6.82
2011-08-05,6.93,13.28,6.79
2011-08-08,6.75,13.05,6.57
2011-08-09,6.78,12.93,6.72
2011-08-10,6.78,12.96,6.85
2011-08-11,7.03,13.25,7.01
2011-08-12,7.02,13.28,7.03
2011-08-15,7.07,13.44,7.13
2011-08-16,7.14,13.4,7.25
2011-08-17,7.12,13.57,7.28
2011-08-18,6.99,13.52,7.08
2011-08-19,7.11,13.6,7.31
2011-08-22,7.21,13.77,7.36
2011-08-23,7.3,13.9,7.57
2011-08-24,7.32,13.87,7.49
2011-08-25,7.32,13.86,7.57
2011-08-26,7.55,14.17,7.69
2011-08-29,7.62,14.42,7.72
2011-08-30,7.71,14.54,7.75
2011-08-31,7.66,14.56,7.82
2011-09-01,7.39,14.35,7.61
2011-09-02,7.6,14.46,7.76
2011-09-06,7.56,14.23,7.6
2011-09-07,7.48,14.21,7.52
2011-09-08,7.34,14.18,7.38
2011-09-09,7.37,14.27,7.3
2011-09-12,7.46,13.96,7.27
2011-09-13,7.23,13.92,7.02
2011-09-14,7.24,13.83,7.05
2011-09-15,7.01,13.59,6.96
2011-09-16,6.92,13.56,6.88
2011-09-19,6.92,13.36,6.73
2011-09-20,6.9,13.38,6.75
2011-09-21,6.86,13.21,6.67
2011-09-22,6.5,12.83,6.34
2011-09-23,6.39,12.58,6.41
2011-09-26,6.48,12.6,6.48
2011-09-27,6.52,12.63,6.58
2011-09-28,6.31,12.24,6.39
2011-09-29,6.33,12.3,6.54
2011-09-30,5.93,11.79,6.09
2011-10-03,5.93,11.78,6.2
2011-10-04,5.88,11.6,6.04
2011-10-05,6.06,11.64,6.25
2011-10-06,6.06,11.64,6.16
2011-10-07,6,11.58,6.08
2011-10-10,6.05,11.78,6.12
2011-10-11,6.45,12.36,6.61
2011-10-12,6.41,12.4,6.27
2011-10-13,6.38,12.57,6.18
2011-10-14,6.4,12.7,6.23
2011-10-17,6.41,12.53,6.24
2011-10-18,6.44,12.51,6.25
2011-10-19,6.39,12.25,6.2
2011-10-20,6.5,12.25,6.31
2011-10-21,6.49,12.12,6.32
2011-10-24,6.51,12.27,6.43
2011-10-25,6.51,12.26,6.36
2011-10-26,6.37,12.12,6.2
2011-10-27,6.52,12.39,6.44
2011-10-28,6.55,12.22,6.45
2011-10-31,6.47,12.15,6.28
2011-11-01,6.54,12.03,6.3
2011-11-02,6.45,12.03,6.24
2011-11-03,6.54,12.27,6.36
2011-11-04,6.56,12.21,6.37
2011-11-07,6.53,12.02,6.39
2011-11-08,6.61,12.05,6.57
2011-11-09,6.56,11.86,6.43
2011-11-10,6.46,11.68,6.2
2011-11-11,6.39,11.76,6.17
2011-11-14,6.34,11.78,6.16
2011-11-15,6.46,12,6.33
2011-11-16,6.43,11.88,6.17
2011-11-17,6.15,11.68,5.93
2011-11-18,6.1,11.68,5.98
2011-11-21,5.98,11.48,5.92
2011-11-22,5.99,11.53,5.94
2011-11-23,5.89,11.23,5.79
2011-11-25,5.84,11.07,5.77
2011-11-28,5.94,11.21,5.82
2011-11-29,6.03,11.25,6.07
2011-11-30,6.07,11.31,6.1
2011-12-01,6.02,11.28,6.14
2011-12-02,5.95,11.36,6.26
2011-12-05,5.91,11.26,6.12
2011-12-06,5.97,11.3,6.13
2011-12-07,5.93,11.31,6.01
2011-12-08,6,11.33,5.97
2011-12-09,5.94,11.07,5.96
2011-12-12,5.94,11.12,5.94
2011-12-13,5.95,11.19,6.01
2011-12-14,5.81,11,5.81
2011-12-15,5.79,11.12,5.79
2011-12-16,5.83,11.3,5.84
2011-12-19,6.01,11.37,6
2011-12-20,6.07,11.45,6.08
2011-12-21,6.17,11.54,6.17
2011-12-22,6.18,11.62,6.22
2011-12-23,6.2,11.63,6.22
2011-12-27,6.33,12.02,6.45
2011-12-28,6.43,12.02,6.51
2011-12-29,6.38,11.93,6.45
2011-12-30,6.47,12.06,6.53
2012-01-03,6.59,12.28,6.57
2012-01-04,6.59,12.3,6.5
2012-01-05,6.44,12.09,6.29
2012-01-06,6.44,11.97,6.25
2012-01-09,6.52,12.33,6.42
2012-01-10,6.52,12.32,6.4
2012-01-11,6.52,12.03,6.41
2012-01-12,6.12,11.83,6.05
2012-01-13,6,11.58,6.02
2012-01-17,6.04,11.84,6.05
2012-01-18,5.94,11.84,5.92
2012-01-19,6.06,11.97,6.06
2012-01-20,6.12,11.87,6.11
2012-01-23,6.2,12.18,6.2
2012-01-24,6.3,12.2,6.34
2012-01-25,6.35,12.14,6.41
2012-01-26,6.35,12.23,6.54
2012-01-27,6.42,12.19,6.47
2012-01-30,6.32,11.85,6.45
2012-01-31,6.39,11.99,6.66
2012-02-01,6.42,12.15,6.74
2012-02-02,6.43,12.17,6.63
2012-02-03,6.45,12.33,6.61
2012-02-06,6.44,12.33,6.69
2012-02-07,6.42,12.32,6.62
2012-02-08,6.43,12.32,6.61
2012-02-09,6.37,12.28,6.46
2012-02-10,6.32,12.29,6.3
2012-02-13,6.4,12.52,6.41
2012-02-14,6.34,12.55,6.35
2012-02-15,6.27,12.61,6.26
2012-02-16,6.36,12.58,6.29
2012-02-17,6.42,12.68,6.44
2012-02-21,6.3,12.71,6.33
2012-02-22,6.38,12.72,6.45
2012-02-23,6.4,12.77,6.42
2012-02-24,6.41,12.81,6.41
2012-02-27,6.46,12.97,6.49
2012-02-28,6.56,13.1,6.66
2012-02-29,6.58,13.19,6.67
2012-03-01,6.54,13.23,6.64
2012-03-02,6.55,13.33,6.75
2012-03-05,6.61,13.25,6.72
2012-03-06,6.54,13.35,6.58
2012-03-07,6.39,13.27,6.39
2012-03-08,6.36,13.39,6.35
2012-03-09,6.45,13.38,6.43
2012-03-12,6.6,13.35,6.51
2012-03-13,6.62,13.49,6.49
2012-03-14,6.59,13.5,6.44
2012-03-15,6.69,13.69,6.65
2012-03-16,6.73,13.74,6.72
2012-03-19,6.64,13.67,6.52
2012-03-20,6.48,13.45,6.43
2012-03-21,6.42,13.55,6.36
2012-03-22,6.45,13.5,6.46
2012-03-23,6.47,13.66,6.54
2012-03-26,6.38,13.8,6.6
2012-03-27,6.31,13.7,6.4
2012-03-28,6.2,13.68,6.31
2012-03-29,6.04,13.56,6.13
2012-03-30,6.44,14.03,6.61
2012-04-02,6.55,14.21,6.57
2012-04-03,6.58,14.17,6.58
2012-04-04,6.57,14.2,6.39
2012-04-05,6.58,14.34,6.39
2012-04-09,6.49,14.31,6.43
2012-04-10,6.35,14.26,6.26
2012-04-11,6.36,14.22,6.28
2012-04-12,6.38,14.41,6.39
2012-04-13,6.29,14.37,6.24
2012-04-16,6.23,14.2,6.16
2012-04-17,6.17,14.26,6.16
2012-04-18,6.02,14.08,6.11
2012-04-19,6.21,14.16,6.25
2012-04-20,6.13,14.47,6.16
2012-04-23,6.23,14.37,6.25
2012-04-24,6.18,14.61,6.25
2012-04-25,6.09,14.74,6.19
2012-04-26,6.17,14.81,6.3
2012-04-27,6.37,14.95,6.47
2012-04-30,6.39,15.05,6.53
2012-05-01,6.29,15.04,6.43
2012-05-02,6.12,14.85,6.15
2012-05-03,6.15,14.74,6.16
2012-05-04,6.2,14.78,6.1
2012-05-07,6.2,14.66,6.12
2012-05-08,6.23,14.38,6.15
2012-05-09,6.07,14.3,6
2012-05-10,5.88,14.55,6.01
2012-05-11,5.81,14.06,5.97
2012-05-14,5.83,13.87,5.98
2012-05-15,5.97,14.13,6.09
2012-05-16,6.2,14.22,6.39
2012-05-17,6.25,14.38,6.58
2012-05-18,6.36,14.05,6.95
2012-05-21,6.33,14.13,7.04
2012-05-22,5.97,13.82,6.86
2012-05-23,6.04,13.63,6.66
2012-05-24,5.79,13.76,6.63
2012-05-25,5.79,13.82,6.8
2012-05-29,5.63,13.87,6.57
2012-05-30,5.6,13.73,6.54
2012-05-31,5.55,13.4,6.44
2012-06-01,5.52,13.44,6.12
2012-06-04,5.68,13.4,6.28
2012-06-05,5.68,13.5,6.13
2012-06-06,5.86,13.86,6.24
2012-06-07,5.94,14.28,6.42
2012-06-08,5.98,14.26,6.3
2012-06-11,5.92,14.25,6.31
2012-06-12,5.84,14.35,6.16
2012-06-13,5.93,14.08,6.16
2012-06-14,6.02,13.86,6.24
2012-06-15,5.8,13.76,6.1
2012-06-18,6,13.84,6.3
2012-06-19,6.13,14.34,6.5
2012-06-20,6.12,14.47,6.64
2012-06-21,5.87,14.39,6.62
2012-06-22,5.91,14.43,6.73
2012-06-25,6.31,14.83,7.24
2012-06-26,6.41,14.68,7.33
2012-06-27,6.41,14.65,7.4
2012-06-28,6.37,14.54,7.38
2012-06-29,6.37,14.88,7.54
2012-07-02,6.52,14.94,7.73
2012-07-03,6.74,15.3,7.99
2012-07-05,7.09,15.83,8.38
2012-07-06,6.95,15.67,8.06
2012-07-09,7.32,16.07,8.28
2012-07-10,7.19,15.91,8.21
2012-07-11,7.04,15.72,8.26
2012-07-12,7.31,15.73,8.47
2012-07-13,7.41,15.95,8.48
2012-07-16,7.77,16.34,8.85
2012-07-17,7.8,16.39,8.85
2012-07-18,7.95,16.84,9.03
2012-07-19,8.08,17.34,9.35
2012-07-20,8.25,17.58,9.43
2012-07-23,8.14,16.99,9.13
2012-07-24,7.9,16.49,8.79
2012-07-25,7.95,16.94,9.03
2012-07-26,7.81,16.44,8.84
2012-07-27,7.99,16.62,8.98
2012-07-30,8.2,16.91,9.15
2012-07-31,8.07,16.7,8.88
2012-08-01,8.01,16.39,8.8
2012-08-02,7.94,16.24,8.65
2012-08-03,8.1,16.36,8.91
2012-08-06,8.03,15.93,8.93
2012-08-07,7.96,15.77,8.89
2012-08-08,8.11,16,8.99
2012-08-09,8.18,16.55,9.13
2012-08-10,8,16.73,8.85
2012-08-13,7.83,16.22,8.57
2012-08-14,7.8,16.24,8.4
2012-08-15,7.94,16.6,8.47
2012-08-16,7.98,16.56,8.62
2012-08-17,7.99,16.71,8.75
2012-08-20,8.15,17.04,8.8
2012-08-21,8.31,17.54,9.01
2012-08-22,8.3,17.48,8.97
2012-08-23,8.09,17.27,8.75
2012-08-24,8.02,17.38,8.68
2012-08-27,7.95,17.3,8.62
2012-08-28,7.91,17.3,8.59
2012-08-29,8.12,17.59,8.94
2012-08-30,8.1,17.66,8.95
2012-08-31,8,17.58,8.86
2012-09-04,8.05,17.68,8.89
2012-09-05,7.91,17.48,8.68
2012-09-06,7.99,17.47,8.92
2012-09-07,8,17.37,9.05
2012-09-10,7.83,17.19,8.9
2012-09-11,7.78,17.02,8.84
2012-09-12,7.7,17.46,8.9
2012-09-13,7.74,17.47,9.02
2012-09-14,7.82,17.39,9.24
2012-09-17,7.48,16.69,8.78
2012-09-18,7.4,16.4,8.64
2012-09-19,7.57,16.7,8.82
2012-09-20,7.46,16.19,8.8
2012-09-21,7.48,16.22,8.97
2012-09-24,7.45,16.1,8.92
2012-09-25,7.44,16.12,8.87
2012-09-26,7.25,15.73,8.69
2012-09-27,7.16,15.71,8.56
2012-09-28,7.56,16.01,9.03
2012-10-01,7.57,15.6,8.84
2012-10-02,7.58,15.31,8.72
2012-10-03,7.57,15.32,8.73
2012-10-04,7.57,15.52,8.69
2012-10-05,7.48,15.52,8.58
2012-10-08,7.42,15.51,8.61
2012-10-09,7.42,15.5,8.64
2012-10-10,7.37,15.23,8.7
2012-10-11,7.73,15.49,8.86
2012-10-12,7.53,15.23,8.57
2012-10-15,7.37,14.93,8.48
2012-10-16,7.38,14.94,8.48
2012-10-17,7.46,15.09,8.56
2012-10-18,7.61,15.46,8.69
2012-10-19,7.62,15.34,8.73
2012-10-22,7.61,15.47,8.78
2012-10-23,7.56,15.53,8.69
2012-10-24,7.55,15.71,8.84
2012-10-25,7.42,15.64,8.73
2012-10-26,7.38,15.62,8.64
2012-10-29,7.37,15.28,8.58
2012-10-30,7.42,15.35,8.57
2012-10-31,7.56,15.48,8.65
2012-11-01,7.51,15.6,8.69
2012-11-02,7.4,15.27,8.65
2012-11-05,7.36,15.03,8.66
2012-11-06,7.41,15.16,8.77
2012-11-07,7.44,15.07,8.94
2012-11-08,7.41,14.96,9.03
2012-11-09,7.39,14.51,8.87
2012-11-12,7.18,14.05,8.58
2012-11-13,7.24,14.08,8.51
2012-11-14,7.26,14.19,8.49
2012-11-15,7.21,14.02,8.46
2012-11-16,7.27,13.83,8.38
2012-11-19,7.39,13.95,8.42
2012-11-20,7.43,14.13,8.45
2012-11-21,7.41,14.08,8.45
2012-11-23,7.46,14.19,8.48
2012-11-26,7.47,14.25,8.49
2012-11-27,7.61,14.49,8.76
2012-11-28,7.62,14.46,8.82
2012-11-29,7.56,14.48,8.79
2012-11-30,7.52,14.39,8.6
2012-12-03,7.55,14.54,8.61
2012-12-04,7.52,14.56,8.57
2012-12-05,7.58,14.79,8.6
2012-12-06,7.52,14.91,8.62
2012-12-07,7.37,14.72,8.61
2012-12-10,7.3,14.75,8.49
2012-12-11,7.28,14.72,8.22
2012-12-12,7.26,14.74,8.12
2012-12-13,7.2,14.77,8.09
2012-12-14,7.31,14.96,8.14
2012-12-17,7.24,14.96,8.08
2012-12-18,7.2,14.66,8.11
2012-12-19,7.03,14.37,8.06
2012-12-20,6.97,14.09,7.91
2012-12-21,7.02,14.31,7.92
2012-12-24,7.04,14.4,7.94
2012-12-26,6.93,14.23,7.75
2012-12-27,6.92,14.17,7.72
2012-12-28,6.94,14.2,7.79
2012-12-31,6.98,14.11,7.78
2013-01-02,6.91,13.92,7.55
2013-01-03,6.89,13.87,7.56
2013-01-04,6.8,13.67,7.47
2013-01-07,6.86,13.89,7.51
2013-01-08,6.89,13.87,7.51
2013-01-09,6.94,13.86,7.46
2013-01-10,6.99,13.8,7.45
2013-01-11,7.09,13.73,7.55
2013-01-14,7.24,14.18,7.67
2013-01-15,7.31,14.14,7.83
2013-01-16,7.31,14.37,7.85
2013-01-17,7.25,14.3,7.81
2013-01-18,7.28,14.29,7.91
2013-01-22,7.29,14.52,7.79
2013-01-23,7.21,14.37,7.75
2013-01-24,7.24,14.35,7.69
2013-01-25,7.21,14.41,7.77
2013-01-28,7.29,14.48,7.79
2013-01-29,7.3,14.52,7.77
2013-01-30,7.4,14.79,7.87
2013-01-31,7.41,14.69,7.8
2013-02-01,7.36,14.74,7.65
2013-02-04,7.34,14.89,7.63
2013-02-05,7.29,14.96,7.58
2013-02-06,7.23,14.88,7.62
2013-02-07,7.11,14.87,7.56
2013-02-08,7.09,14.53,7.56
2013-02-11,7.02,14.32,7.42
2013-02-12,6.96,14.21,7.32
2013-02-13,6.96,14.23,7.36
2013-02-14,6.95,14.18,7.32
2013-02-15,6.99,14.25,7.42
2013-02-19,6.95,14.7,7.32
2013-02-20,7.01,14.83,7.39
2013-02-21,6.91,14.88,7.21
2013-02-22,6.9,14.61,7.15
2013-02-25,6.92,14.48,7
2013-02-26,7.01,14.41,7.08
2013-02-27,7.01,14.47,7.09
2013-02-28,7.07,14.57,7.13
2013-03-01,7.09,14.44,7.21
2013-03-04,7.03,14.62,7.03
2013-03-05,7.09,14.67,7.06
2013-03-06,6.89,14.66,6.84
2013-03-07,6.91,14.74,6.96
2013-03-08,7.04,14.71,6.97
2013-03-11,7.11,14.8,7
2013-03-12,7.14,14.69,7.04
2013-03-13,7.1,14.47,7.1
2013-03-14,7.17,14.36,7.25
2013-03-15,7.17,14.26,7.23
2013-03-18,7.2,14.1,7.13
2013-03-19,7.29,14.07,7.22
2013-03-20,7.33,14.2,7.36
2013-03-21,7.33,14.49,7.29
2013-03-22,7.26,14.41,7.3
2013-03-25,7.33,14.37,7.27
2013-03-26,7.3,14.48,7.32
2013-03-27,7.35,14.54,7.37
2013-03-28,6.95,14.05,6.88
2013-04-01,6.42,13.91,6.64
2013-04-02,6.41,13.94,6.71
2013-04-03,6.42,13.8,6.97
2013-04-04,6.3,13.72,6.94
2013-04-05,6.29,13.62,6.99
2013-04-08,6.34,13.78,7.13
2013-04-09,6.44,13.96,7.09
2013-04-10,6.49,13.93,6.97
2013-04-11,6.51,14.02,6.98
2013-04-12,6.59,14.13,7.15
2013-04-15,6.47,13.95,6.94
2013-04-16,6.63,14.12,7.04
2013-04-17,6.61,14.22,7.04
2013-04-18,6.45,14.31,7.03
2013-04-19,6.52,14.28,7.09
2013-04-22,6.46,14.17,7.02
2013-04-23,6.39,14.2,6.98
2013-04-24,6.4,14.04,6.92
2013-04-25,6.41,14.13,7.02
2013-04-26,6.34,14.11,6.9
2013-04-29,6.69,14.34,7.14
2013-04-30,6.57,14.13,7.29
2013-05-01,6.47,13.73,7.21
2013-05-02,6.62,13.72,7.29
2013-05-03,6.61,13.87,7.21
2013-05-06,6.37,13.69,7.03
2013-05-07,6.4,13.82,7.09
2013-05-08,6.33,13.91,7.06
2013-05-09,6.49,14.09,7.24
2013-05-10,6.36,13.99,7.04
2013-05-13,6.56,14.19,7.1
2013-05-14,6.53,14.15,7.11
2013-05-15,6.51,14.13,6.94
2013-05-16,6.42,14.28,6.88
2013-05-17,6.53,14.49,6.83
2013-05-20,6.5,14.65,6.85
2013-05-21,6.4,14.78,6.81
2013-05-22,6.59,14.94,6.89
2013-05-23,6.62,15,7.03
2013-05-24,6.57,14.76,6.98
2013-05-28,6.67,15.09,6.94
2013-05-29,6.65,15.02,7.03
2013-05-30,6.54,14.96,6.99
2013-05-31,6.62,15.1,7.06
2013-06-03,6.56,15.33,7.09
2013-06-04,6.61,15.29,7.09
2013-06-05,6.61,15.32,7.02
2013-06-06,6.63,15.27,6.98
2013-06-07,6.66,15.28,6.96
2013-06-10,6.5,15.12,6.9
2013-06-11,6.6,15.41,6.97
2013-06-12,6.51,15.41,6.83
2013-06-13,6.44,15.1,6.86
2013-06-14,6.55,15.17,6.81
2013-06-17,6.69,15.13,6.81
2013-06-18,6.73,15.11,6.88
2013-06-19,6.82,15.23,7.07
2013-06-20,6.73,14.98,7.01
2013-06-21,6.62,14.93,6.98
2013-06-24,6.53,15.12,6.79
2013-06-25,6.41,15.06,6.78
2013-06-26,6.28,14.91,6.71
2013-06-27,6.1,14.79,6.7
2013-06-28,5.74,14.58,6.56
2013-07-01,5.32,14.36,6.55
2013-07-02,5.33,14.34,6.58
2013-07-03,5.32,14.41,6.65
2013-07-05,5.26,14.32,6.6
2013-07-08,5.33,14.56,6.63
2013-07-09,5.52,14.68,6.78
2013-07-10,5.54,14.65,6.79
2013-07-11,5.61,14.72,6.83
2013-07-12,5.46,14.29,6.81
2013-07-15,5.36,14.54,6.7
2013-07-16,5.45,14.75,6.7
2013-07-17,5.39,14.78,6.65
2013-07-18,5.41,14.69,6.61
2013-07-19,5.44,14.91,6.65
2013-07-22,5.41,15.2,6.6
2013-07-23,5.23,14.63,6.54
2013-07-24,5.08,13.93,6.53
2013-07-25,4.96,13.55,6.49
2013-07-26,4.92,13.35,6.5
2013-07-29,4.89,13.29,6.52
2013-07-30,4.96,12.89,6.55
2013-07-31,4.99,12.75,6.64
2013-08-01,4.88,12.34,6.58
2013-08-02,4.76,12.13,6.61
2013-08-05,4.69,12.08,6.45
2013-08-06,4.72,11.94,6.51
2013-08-07,4.68,11.99,6.44
2013-08-08,4.74,12.28,6.41
2013-08-09,4.66,12.19,6.34
2013-08-12,4.72,12.57,6.35
2013-08-13,4.55,12.58,6.28
2013-08-14,4.65,12.7,6.31
2013-08-15,4.82,12.88,6.38
2013-08-16,4.74,12.83,6.31
2013-08-19,4.93,13.22,6.42
2013-08-20,4.84,13.09,6.34
2013-08-21,4.98,13.33,6.39
2013-08-22,4.88,13.22,6.31
2013-08-23,4.96,13.65,6.35
2013-08-26,5.16,14.28,6.55
2013-08-27,4.97,14.05,6.53
2013-08-28,4.95,14.09,6.52
2013-08-29,4.88,13.93,6.49
2013-08-30,4.85,13.71,6.52
2013-09-03,4.75,13.87,6.47
2013-09-04,4.7,13.53,6.46
2013-09-05,4.61,13.68,6.4
2013-09-06,4.68,13.68,6.48
2013-09-09,4.64,13.57,6.41
2013-09-10,4.69,13.55,6.47
2013-09-11,4.73,13.58,6.48
2013-09-12,4.66,13.96,6.53
2013-09-13,4.59,13.82,6.42
2013-09-16,4.57,13.48,6.41
2013-09-17,4.54,13.43,6.43
2013-09-18,4.56,13.48,6.47
2013-09-19,4.6,13.4,6.57
2013-09-20,4.51,13.15,6.46
2013-09-23,4.53,13.08,6.54
2013-09-24,4.49,13.13,6.58
2013-09-25,4.55,13.22,6.71
2013-09-26,4.57,13.17,6.78
2013-09-27,4.54,13.2,6.83
2013-09-30,4.42,12.83,6.79
2013-10-01,4.39,12.68,6.81
2013-10-02,4.39,12.74,6.86
2013-10-03,4.39,12.88,6.89
2013-10-04,4.43,12.95,6.87
2013-10-07,4.49,12.97,6.95
2013-10-08,4.42,12.89,6.94
2013-10-09,4.44,12.88,6.91
2013-10-10,4.38,12.88,6.86
2013-10-11,4.33,12.67,6.92
2013-10-14,4.37,12.73,6.93
2013-10-15,4.44,12.67,6.86
2013-10-16,4.43,12.77,6.82
2013-10-17,4.43,12.93,6.86
2013-10-18,4.42,12.91,7.06
2013-10-21,4.44,13.03,7
2013-10-22,4.38,13.02,7.01
2013-10-23,4.43,13.1,7.02
2013-10-24,4.4,13.1,6.97
2013-10-25,4.4,13,6.91
2013-10-28,4.31,12.71,6.81
2013-10-29,4.32,12.76,6.81
2013-10-30,4.3,12.81,6.75
2013-10-31,4.28,12.69,6.68
2013-11-01,4.27,12.52,6.68
2013-11-04,4.26,12.57,6.63
2013-11-05,4.25,12.5,6.56
2013-11-06,4.21,12.55,6.53
2013-11-07,4.21,12.67,6.53
2013-11-08,4.27,12.96,6.5
2013-11-11,4.35,13.01,6.46
2013-11-12,4.32,13.15,6.45
2013-11-13,4.3,13.15,6.46
2013-11-14,4.27,13.14,6.45
2013-11-15,4.22,12.81,6.45
2013-11-18,4.12,12.88,6.42
2013-11-19,4.18,12.76,6.5
2013-11-20,4.17,12.74,6.47
2013-11-21,4.23,12.92,6.49
2013-11-22,4.22,13.2,6.5
2013-11-25,4.26,13.29,6.54
2013-11-26,4.21,13.29,6.5
2013-11-27,4.23,13.2,6.59
2013-11-29,4.23,13.37,6.66
2013-12-02,4.25,13.21,6.62
2013-12-03,4.31,13.2,6.68
2013-12-04,4.37,13.3,6.62
2013-12-05,4.34,13.28,6.52
2013-12-06,4.34,13.26,6.51
2013-12-09,4.38,13.44,6.51
2013-12-10,4.36,13.38,6.39
2013-12-11,4.39,13.44,6.41
2013-12-12,4.34,13.24,6.34
2013-12-13,4.26,13.28,6.29
2013-12-16,4.23,13.38,6.22
2013-12-17,4.27,13.47,6.2
2013-12-18,4.25,13.24,6.13
2013-12-19,4.31,13.27,6.11
2013-12-20,4.33,13.39,6.14
2013-12-23,4.34,13.29,6.1
2013-12-24,4.35,13.34,6.06
2013-12-26,4.26,13.16,6.06
2013-12-27,4.28,13.24,6.09
2013-12-30,4.24,13.17,6.01
2013-12-31,4.22,12.97,6.05
2014-01-02,4.21,12.7,5.97
2014-01-03,4.24,12.71,6.06
2014-01-06,4.28,12.77,6.06
2014-01-07,4.26,12.76,6.03
2014-01-08,4.17,12.69,5.89
2014-01-09,4.12,12.74,5.84
2014-01-10,4.33,12.79,5.69
2014-01-13,4.35,12.94,5.74
2014-01-14,4.32,13.07,5.79
2014-01-15,4.26,13.18,5.68
2014-01-16,4.28,13.15,5.73
2014-01-17,4.24,13.17,5.64
2014-01-21,4.25,12.81,5.62
2014-01-22,4.26,12.8,5.61
2014-01-23,4.29,12.77,5.7
2014-01-24,4.3,12.85,5.65
2014-01-27,4.32,12.88,5.64
2014-01-28,4.32,12.86,5.66
2014-01-29,4.28,12.69,5.52
2014-01-30,4.34,12.75,5.54
2014-01-31,4.34,12.83,5.56
2014-02-03,4.36,12.93,5.64
2014-02-04,4.42,13.13,5.85
2014-02-05,4.43,13.16,5.88
2014-02-06,4.43,13.26,5.81
2014-02-07,4.44,13.32,5.78
2014-02-10,4.43,13.26,5.85
2014-02-11,4.42,13.35,5.9
2014-02-12,4.4,13.23,5.87
2014-02-13,4.41,13.44,5.96
2014-02-14,4.45,13.38,5.99
2014-02-18,4.5,13.61,6.12
2014-02-19,4.54,13.54,6.2
2014-02-20,4.56,13.58,6.16
2014-02-21,4.53,13.71,6.1
2014-02-24,4.52,13.87,6.18
2014-02-25,4.57,13.97,6.16
2014-02-26,4.58,14.03,6.02
2014-02-27,4.52,13.91,5.86
2014-02-28,4.62,14.14,6.02
2014-03-03,4.71,14.09,6.32
2014-03-04,4.84,14.23,6.44
2014-03-05,4.82,14.21,6.43
2014-03-06,4.91,14.38,6.46
2014-03-07,4.89,14.58,6.54
2014-03-10,4.78,14.19,6.41
2014-03-11,4.83,14.13,6.59
2014-03-12,4.89,13.87,6.84
2014-03-13,4.85,13.96,6.74
2014-03-14,4.86,13.89,6.87
2014-03-17,4.79,13.92,6.75
2014-03-18,4.86,14.18,6.93
2014-03-19,4.88,14.31,7.16
2014-03-20,4.79,14.34,7.04
2014-03-21,4.79,14.09,6.93
2014-03-24,4.9,14.26,7.15
2014-03-25,4.87,14.28,7.08
2014-03-26,4.85,14.4,6.97
2014-03-27,4.92,14.37,7.11
2014-03-28,4.92,14.37,6.96
2014-03-31,5.02,14.64,6.98
2014-04-01,5.08,14.84,6.86
2014-04-02,4.96,14.63,6.7
2014-04-03,5,14.76,6.76
2014-04-04,5.02,14.74,6.7
2014-04-07,4.99,14.65,6.77
2014-04-08,5.07,14.82,6.81
2014-04-09,5.02,14.96,6.69
2014-04-10,5.01,14.83,6.63
2014-04-11,4.99,14.63,6.61
2014-04-14,5.03,14.77,6.79
2014-04-15,5.04,15.02,7.02
2014-04-16,4.98,15.19,6.88
2014-04-17,4.95,15.14,6.92
2014-04-21,4.89,14.99,6.69
2014-04-22,4.96,14.8,6.73
2014-04-23,5.04,14.68,6.76
2014-04-24,5.01,14.72,6.89
2014-04-25,5.08,14.97,7.02
2014-04-28,5.1,15.05,7.04
2014-04-29,5.19,15.2,7.13
2014-04-30,5.18,15.16,7.2
2014-05-01,5.07,14.61,7.07
2014-05-02,5,14.71,7.16
2014-05-05,5.08,14.63,7.29
2014-05-06,5.18,14.6,7.39
2014-05-07,5.14,14.46,7.38
2014-05-08,5.17,14.7,7.35
2014-05-09,5.08,14.87,7.23
2014-05-12,5,14.65,7.15
2014-05-13,5.03,14.84,7.09
2014-05-14,4.96,14.87,6.9
2014-05-15,4.84,14.7,6.78
2014-05-16,4.84,14.65,6.74
2014-05-19,4.77,14.85,6.75
2014-05-20,4.74,14.7,6.71
2014-05-21,4.75,15.05,6.64
2014-05-22,4.77,15.19,6.59
2014-05-23,4.78,15.16,6.53
2014-05-27,4.7,14.89,6.41
2014-05-28,4.73,14.98,6.39
2014-05-29,4.7,14.99,6.33
2014-05-30,4.66,14.93,6.27
2014-06-02,4.66,15.01,6.21
2014-06-03,4.58,14.81,6.13
2014-06-04,4.56,14.83,6.15
2014-06-05,4.49,14.61,6.06
2014-06-06,4.59,14.57,6.18
2014-06-09,4.51,14.57,6.13
2014-06-10,4.46,14.63,6.01
2014-06-11,4.41,14.46,5.89
2014-06-12,4.44,14.15,5.85
2014-06-13,4.47,14.26,5.86
2014-06-16,4.41,14.22,5.81
2014-06-17,4.39,13.98,5.82
2014-06-18,4.42,14.09,5.87
2014-06-19,4.51,14.21,5.94
2014-06-20,4.53,14.16,5.85
2014-06-23,4.45,14.25,5.8
2014-06-24,4.43,14.14,5.71
2014-06-25,4.4,14.05,5.77
2014-06-26,4.41,14.15,5.83
2014-06-27,4.43,14,5.9
2014-06-30,4.2,13.44,5.75
2014-07-01,4.16,13.28,5.73
2014-07-02,4.12,13.15,5.76
2014-07-03,4.1,13,5.8
2014-07-07,4.01,12.73,5.57
2014-07-08,3.98,12.49,5.56
2014-07-09,3.91,12.47,5.51
2014-07-10,3.86,12.33,5.49
2014-07-11,3.78,11.96,5.26
2014-07-14,3.82,11.97,5.38
2014-07-15,3.74,11.81,5.38
2014-07-16,3.78,11.87,5.38
2014-07-17,3.8,11.75,5.51
2014-07-18,3.71,11.77,5.32
2014-07-21,3.64,11.76,5.3
2014-07-22,3.6,11.84,5.25
2014-07-23,3.63,12.01,5.31
2014-07-24,3.62,12.08,5.29
2014-07-25,3.63,12.12,5.38
2014-07-28,3.68,12.17,5.35
2014-07-29,3.62,11.85,5.2
2014-07-30,3.62,11.5,5.27
2014-07-31,3.57,11.25,5.3
2014-08-01,3.53,10.74,5.34
2014-08-04,3.59,10.95,5.44
2014-08-05,3.56,10.82,5.53
2014-08-06,3.63,10.97,5.68
2014-08-07,3.6,10.99,5.62
2014-08-08,3.52,11.14,5.49
2014-08-11,3.57,11.09,5.47
2014-08-12,3.59,10.94,5.38
2014-08-13,3.58,10.8,5.28
2014-08-14,3.62,10.98,5.37
2014-08-15,3.66,11.03,5.51
2014-08-18,3.61,11.16,5.43
2014-08-19,3.63,11.2,5.46
2014-08-20,3.6,11.2,5.4
2014-08-21,3.62,11.36,5.46
2014-08-22,3.66,11.66,5.52
2014-08-25,3.6,11.26,5.43
2014-08-26,3.58,10.66,5.45
2014-08-27,3.6,10.61,5.53
2014-08-28,3.66,10.47,5.66
2014-08-29,3.64,10.37,5.61
2014-09-02,3.64,10.32,5.55
2014-09-03,3.52,10.2,5.36
2014-09-04,3.47,10.04,5.31
2014-09-05,3.56,10.22,5.35
2014-09-08,3.48,10.09,5.34
2014-09-09,3.44,9.93,5.28
2014-09-10,3.46,9.94,5.2
2014-09-11,3.41,9.82,5.1
2014-09-12,3.39,9.85,5.03
2014-09-15,3.43,9.9,5.01
2014-09-16,3.44,9.81,4.96
2014-09-17,3.42,9.83,4.99
2014-09-18,3.38,9.72,4.89
2014-09-19,3.32,9.57,4.75
2014-09-22,3.3,9.38,4.77
2014-09-23,3.26,9.36,4.76
2014-09-24,3.3,9.37,4.8
2014-09-25,3.26,9.23,4.74
2014-09-26,3.23,9.1,4.74
2014-09-29,3.26,9.24,4.81
2014-09-30,3.21,9.13,4.78
2014-10-01,3.21,9.17,4.79
2014-10-02,3.23,9.25,4.83
2014-10-03,3.23,9.12,4.86
2014-10-06,3.33,9.42,4.92
2014-10-07,3.41,9.41,5.06
2014-10-08,3.43,9.35,5.08
2014-10-09,3.45,9.42,4.93
2014-10-10,3.34,9.23,4.99
2014-10-13,3.46,9.45,5.05
2014-10-14,3.57,9.65,5.09
2014-10-15,3.48,9.53,5.06
2014-10-16,3.52,9.66,5.17
2014-10-17,3.48,9.52,5.16
2014-10-20,3.48,9.44,5.14
2014-10-21,3.56,9.64,5.19
2014-10-22,3.53,9.63,5.22
2014-10-23,3.6,9.93,5.27
2014-10-24,3.53,9.78,5.18
2014-10-27,3.63,10.06,5.23
2014-10-28,3.65,10.09,5.31
2014-10-29,3.75,10.45,5.38
2014-10-30,3.74,10.28,5.36
2014-10-31,3.77,10.49,5.33
2014-11-03,3.74,10.3,5.38
2014-11-04,3.65,10.1,5.31
2014-11-05,3.7,10.19,5.25
2014-11-06,3.71,10.28,5.2
2014-11-07,3.68,10.37,5.15
2014-11-10,3.69,10.26,5.17
2014-11-11,3.74,10.64,5.25
2014-11-12,3.78,10.48,5.43
2014-11-13,3.86,10.54,5.54
2014-11-14,3.82,10.23,5.61
2014-11-17,3.78,10.36,5.52
2014-11-18,3.72,10.23,5.49
2014-11-19,3.63,10.05,5.38
2014-11-20,3.73,10.21,5.47
2014-11-21,3.73,10.39,5.47
2014-11-24,3.7,10.34,5.44
2014-11-25,3.79,10.51,5.54
2014-11-26,3.86,10.47,5.62
2014-11-28,3.86,10.16,5.78
2014-12-01,3.9,10.17,6.07
2014-12-02,3.81,9.96,6.04
2014-12-03,3.82,9.99,5.89
2014-12-04,3.9,10.1,5.9
2014-12-05,3.95,10.36,5.94
2014-12-08,3.9,10.44,5.98
2014-12-09,3.95,10.5,5.86
2014-12-10,3.94,10.32,5.82
2014-12-11,3.99,10.43,5.97
2014-12-12,4.08,10.48,6.06
2014-12-15,4.09,10.39,6.19
2014-12-16,4.06,10.23,6.24
2014-12-17,4.08,10.27,6.48
2014-12-18,4.11,10.35,6.56
2014-12-19,4.11,10.3,6.33
2014-12-22,4.12,10.39,6.26
2014-12-23,4.14,10.38,6.35
2014-12-24,4.08,10.29,6.11
2014-12-26,4.15,10.48,6.11
2014-12-29,4.13,10.44,6.15
2014-12-30,4.07,10.41,6.02
2014-12-31,3.97,10.22,5.9
2015-01-02,3.96,10.07,5.82
2015-01-05,4.06,10.46,5.89
2015-01-06,4.05,10.56,5.92
2015-01-07,3.96,10.57,5.79
2015-01-08,3.94,10.49,5.67
2015-01-09,4,10.53,5.64
2015-01-12,4.02,10.16,5.55
2015-01-13,3.86,10.04,5.48
2015-01-14,3.81,10.1,5.38
2015-01-15,3.8,9.91,5.33
2015-01-16,3.87,9.92,5.33
2015-01-20,3.9,9.82,5.37
2015-01-21,3.88,9.83,5.37
2015-01-22,3.84,9.77,5.34
2015-01-23,3.87,9.73,5.3
2015-01-26,3.84,9.83,5.2
2015-01-27,3.81,9.74,5.19
2015-01-28,3.73,9.71,5.06
2015-01-29,3.72,9.69,5.08
2015-01-30,3.7,9.61,5.03
2015-02-02,3.7,9.59,4.93
2015-02-03,3.86,9.87,5.14
2015-02-04,3.84,9.72,5.11
2015-02-05,3.85,9.82,5.26
2015-02-06,3.86,9.73,5.27
2015-02-09,3.91,9.78,5.3
2015-02-10,3.88,9.69,5.22
2015-02-11,3.86,9.78,5.26
2015-02-12,3.83,9.84,5.22
2015-02-13,3.87,9.9,5.33
2015-02-17,3.9,10.08,5.35
2015-02-18,3.84,9.96,5.28
2015-02-19,3.9,10.08,5.28
2015-02-20,3.85,10,5.11
2015-02-23,3.79,10,5.06
2015-02-24,3.79,10.17,5.05
2015-02-25,3.79,10.09,4.98
2015-02-26,3.85,10.25,5.01
2015-02-27,3.92,10.31,5.14
2015-03-02,3.88,10.14,5
2015-03-03,3.91,10.13,5.06
2015-03-04,3.9,9.94,4.96
2015-03-05,3.91,9.85,4.8
2015-03-06,3.86,9.85,4.82
2015-03-09,3.89,9.94,4.9
2015-03-10,3.88,9.84,4.94
2015-03-11,3.91,9.93,4.99
2015-03-12,3.89,9.91,5.07
2015-03-13,3.81,9.74,5.02
2015-03-16,3.79,9.69,5.14
2015-03-17,3.71,9.55,5.04
2015-03-18,3.75,9.65,5.11
2015-03-19,3.74,9.62,5.12
2015-03-20,3.85,9.74,5.3
2015-03-23,3.9,9.84,5.34
2015-03-24,3.93,9.82,5.24
2015-03-25,3.95,9.79,5.19
2015-03-26,3.91,9.75,4.99
2015-03-27,3.91,9.67,5.08
2015-03-30,3.95,9.68,5.3
2015-03-31,3.76,9.73,5.12
2015-04-01,3.82,9.9,5.29
2015-04-02,3.87,9.86,5.36
2015-04-06,3.85,9.79,5.28
2015-04-07,3.83,9.71,5.26
2015-04-08,3.79,9.72,5.26
2015-04-09,3.78,9.54,5.19
2015-04-10,3.77,9.52,5.27
2015-04-13,3.71,9.49,5.02
2015-04-14,3.74,9.6,4.97
2015-04-15,3.76,9.65,4.91
2015-04-16,3.76,9.66,4.95
2015-04-17,3.8,9.69,4.95
2015-04-20,3.78,9.78,4.99
2015-04-21,3.73,9.75,5.01
2015-04-22,3.73,9.71,4.99
2015-04-23,3.71,9.78,4.98
2015-04-24,3.65,9.7,4.86
2015-04-27,3.62,9.73,4.71
2015-04-28,3.62,9.77,4.73
2015-04-29,3.66,9.88,4.81
2015-04-30,3.66,9.77,4.73
2015-05-01,3.63,9.65,4.74
2015-05-04,3.61,9.76,4.73
2015-05-05,3.63,9.85,4.67
2015-05-06,3.67,9.83,4.79
2015-05-07,3.62,9.75,4.73
2015-05-08,3.63,9.76,4.82
2015-05-11,3.61,9.74,4.81
2015-05-12,3.61,9.56,4.81
2015-05-13,3.62,9.57,4.82
2015-05-14,3.68,9.57,5.14
2015-05-15,3.66,9.53,5.11
2015-05-18,3.68,9.55,5.22
2015-05-19,3.62,9.46,5.1
2015-05-20,3.6,9.41,5.13
2015-05-21,3.65,9.39,5.22
2015-05-22,3.6,9.24,5.15
2015-05-26,3.55,9.23,4.94
2015-05-27,3.5,9.27,4.88
2015-05-28,3.54,9.26,4.89
2015-05-29,3.52,9.34,4.77
2015-06-01,3.52,9.26,4.94
2015-06-02,3.59,9.41,5.13
2015-06-03,3.59,9.35,5.11
2015-06-04,3.64,9.47,5.24
2015-06-05,3.61,9.38,5.17
2015-06-08,3.65,9.44,5.28
2015-06-09,3.65,9.52,5.32
2015-06-10,3.57,9.5,5.14
2015-06-11,3.57,9.4,5.04
2015-06-12,3.53,9.4,5.04
2015-06-15,3.48,9.38,4.89
2015-06-16,3.54,9.58,4.89
2015-06-17,3.59,9.69,4.91
2015-06-18,3.58,9.78,4.88
2015-06-19,3.53,9.72,4.89
2015-06-22,3.6,9.9,5.01
2015-06-23,3.68,9.88,5.22
2015-06-24,3.67,9.82,5.18
2015-06-25,3.78,9.98,5.33
2015-06-26,3.88,10,5.65
2015-06-29,3.89,9.98,5.82
2015-06-30,4.2,10.51,6.16
2015-07-01,4.23,10.41,5.89
2015-07-02,4.29,10.38,5.91
2015-07-06,4.27,10.22,5.96
2015-07-07,4.23,9.92,5.85
2015-07-08,4.25,9.97,5.78
2015-07-09,4.29,10.26,5.78
2015-07-10,4.35,10.32,5.76
2015-07-13,4.41,10.38,5.76
2015-07-14,4.28,10.34,5.71
2015-07-15,4.3,10.25,5.67
2015-07-16,4.3,10.19,5.62
2015-07-17,4.2,10.15,5.54
2015-07-20,4.05,10.08,5.33
2015-07-21,4.07,10.19,5.25
2015-07-22,4.03,10.21,5.17
2015-07-23,4.03,10.1,5.22
2015-07-24,3.93,9.91,5.12
2015-07-27,3.73,9.61,5.03
2015-07-28,3.75,9.71,5.11
2015-07-29,3.68,9.73,4.96
2015-07-30,3.73,9.75,4.97
2015-07-31,3.71,9.59,4.99
2015-08-03,3.67,9.45,4.99
2015-08-04,3.69,9.49,4.94
2015-08-05,3.73,9.63,5.02
2015-08-06,3.7,9.56,5.07
2015-08-07,3.73,9.76,5.11
2015-08-10,3.9,10.08,5.26
2015-08-11,3.77,9.81,5.07
2015-08-12,3.57,9.19,4.92
2015-08-13,3.64,9.36,5.03
2015-08-14,3.64,9.25,5.07
2015-08-17,3.63,9.27,5.01
2015-08-18,3.66,9.13,4.94
2015-08-19,3.67,9.04,4.96
2015-08-20,3.71,9.22,5.06
2015-08-21,3.65,9.05,5
2015-08-24,3.69,8.93,5.03
2015-08-25,3.66,8.94,4.95
2015-08-26,3.64,8.75,4.91
2015-08-27,3.68,8.83,4.86
2015-08-28,3.7,8.89,4.81
2015-08-31,3.73,8.9,4.85
2015-09-01,3.69,8.74,4.86
2015-09-02,3.68,8.74,4.79
2015-09-03,3.62,8.7,4.65
2015-09-04,3.63,8.67,4.68
2015-09-08,3.68,8.79,4.75
2015-09-09,3.69,8.72,4.72
2015-09-10,3.74,8.74,4.78
2015-09-11,3.87,8.74,4.85
2015-09-14,3.94,8.84,5.01
2015-09-15,3.91,8.89,4.95
2015-09-16,3.86,8.87,4.88
2015-09-17,3.8,8.85,4.82
2015-09-18,3.77,8.67,4.87
2015-09-21,3.85,8.74,4.97
2015-09-22,3.81,8.62,4.96
2015-09-23,3.83,8.64,5.08
2015-09-24,3.82,8.68,4.97
2015-09-25,3.89,8.89,5.08
2015-09-28,3.87,8.77,5.06
2015-09-29,3.89,8.84,5.04
2015-09-30,3.88,8.92,5.13
2015-10-01,3.89,8.77,5.18
2015-10-02,3.89,8.74,5.13
2015-10-05,3.94,8.84,5.16
2015-10-06,3.98,8.88,5.26
2015-10-07,3.96,8.91,5.17
2015-10-08,3.91,8.81,5.12
2015-10-09,3.83,8.86,5.09
2015-10-12,3.81,8.88,5.07
2015-10-13,3.85,9.14,5.19
2015-10-14,3.79,9.11,5.08
2015-10-15,3.76,9.05,5.03
2015-10-16,3.77,8.98,4.92
2015-10-19,3.73,8.91,4.86
2015-10-20,3.77,8.96,4.91
2015-10-21,3.81,9.05,4.95
2015-10-22,3.78,8.99,4.91
2015-10-23,3.8,8.96,4.91
2015-10-26,3.85,8.85,5.09
2015-10-27,3.8,8.91,5.09
2015-10-28,3.76,8.82,5.06
2015-10-29,3.8,8.8,5.15
2015-10-30,3.82,8.85,5.22
2015-11-02,3.77,8.79,5.08
2015-11-03,3.81,8.79,5.17
2015-11-04,3.81,8.84,5.26
2015-11-05,3.75,8.64,5.26
2015-11-06,3.73,8.67,5.23
2015-11-09,3.67,8.66,5.02
2015-11-10,3.59,8.56,4.91
2015-11-11,3.62,8.61,4.95
2015-11-12,3.62,8.63,4.98
2015-11-13,3.58,8.55,4.96
2015-11-16,3.6,8.6,4.94
2015-11-17,3.62,8.64,4.88
2015-11-18,3.62,8.58,4.83
2015-11-19,3.64,8.6,4.91
2015-11-20,3.63,8.58,4.89
2015-11-23,3.67,8.64,4.95
2015-11-24,3.65,8.64,4.85
2015-11-25,3.69,8.75,4.83
2015-11-27,3.64,8.73,4.74
2015-11-30,3.71,8.81,4.72
2015-12-01,3.74,8.89,4.72
2015-12-02,3.7,8.92,4.67
2015-12-03,3.77,8.98,4.79
2015-12-04,3.82,9.06,4.85
2015-12-07,3.73,8.82,4.83
2015-12-08,3.74,8.77,4.82
2015-12-09,3.74,8.77,4.9
2015-12-10,3.79,8.78,4.96
2015-12-11,3.75,8.71,4.91
2015-12-14,3.79,8.74,4.94
2015-12-15,3.77,8.67,4.94
2015-12-16,3.7,8.63,4.84
2015-12-17,3.74,8.77,4.84
2015-12-18,3.75,8.92,4.87
2015-12-21,3.72,8.91,4.79
2015-12-22,3.66,8.85,4.72
2015-12-23,3.66,8.82,4.7
2015-12-24,3.65,8.75,4.68
2015-12-28,3.61,8.64,4.67
2015-12-29,3.63,8.68,4.76
2015-12-30,3.59,8.72,4.7
2015-12-31,3.59,8.66,4.7
2016-01-04,3.52,8.56,4.58
2016-01-05,3.53,8.57,4.61
2016-01-06,3.53,8.65,4.63
2016-01-07,3.53,8.65,4.69
2016-01-08,3.57,8.65,4.79
2016-01-11,3.52,8.61,4.69
2016-01-12,3.57,8.75,4.81
2016-01-13,3.58,8.8,4.78
2016-01-14,3.58,8.82,4.69
2016-01-15,3.63,8.79,4.74
2016-01-19,3.68,8.84,4.75
2016-01-20,3.69,8.74,4.72
2016-01-21,3.67,8.79,4.75
2016-01-22,3.7,8.77,4.76
2016-01-25,3.7,8.81,4.82
2016-01-26,3.69,8.77,4.85
2016-01-27,3.69,8.83,4.77
2016-01-28,3.66,8.68,4.72
2016-01-29,3.72,8.82,4.79
2016-02-01,3.71,8.81,4.75
2016-02-02,3.73,8.86,4.75
2016-02-03,3.71,8.77,4.8
2016-02-04,3.69,8.75,4.73
2016-02-05,3.66,8.68,4.67
2016-02-08,3.62,8.63,4.59
2016-02-09,3.61,8.63,4.58
2016-02-10,3.6,8.62,4.61
2016-02-11,3.6,8.74,4.58
2016-02-12,3.59,8.73,4.58
2016-02-16,3.63,8.8,4.64
2016-02-17,3.67,8.83,4.69
2016-02-18,3.66,8.8,4.62
2016-02-19,3.66,8.78,4.62
2016-02-22,3.68,8.81,4.59
2016-02-23,3.62,8.69,4.48
2016-02-24,3.61,8.68,4.44
2016-02-25,3.58,8.62,4.49
2016-02-26,3.58,8.6,4.49
2016-02-29,3.56,8.59,4.52
2016-03-01,3.56,8.58,4.46
2016-03-02,3.56,8.62,4.5
2016-03-03,3.57,8.64,4.6
2016-03-04,3.58,8.79,4.61
2016-03-07,3.59,8.82,4.63
2016-03-08,3.61,8.85,4.65
2016-03-09,3.6,8.86,4.68
2016-03-10,3.63,8.89,4.77
2016-03-11,3.65,8.96,4.76
2016-03-14,3.69,8.96,4.79
2016-03-15,3.69,8.92,4.77
2016-03-16,3.68,8.95,4.71
2016-03-17,3.69,8.98,4.63
2016-03-18,3.67,8.98,4.63
2016-03-21,3.7,9.02,4.67
2016-03-22,3.7,9.1,4.67
2016-03-23,3.69,9.05,4.63
2016-03-24,3.7,9.11,4.63
2016-03-28,3.71,9.09,4.71
2016-03-29,3.73,9.16,4.77
2016-03-30,3.67,9.09,4.64
2016-03-31,3.52,9.11,4.74
2016-04-01,3.54,9.18,4.76
2016-04-04,3.55,9.14,4.75
2016-04-05,3.57,9.05,4.74
2016-04-06,3.58,9.08,4.63
2016-04-07,3.62,9.05,4.57
2016-04-08,3.62,9.17,4.6
2016-04-11,3.57,9.28,4.47
2016-04-12,3.63,9.36,4.53
2016-04-13,3.74,9.56,4.62
2016-04-14,3.74,9.48,4.6
2016-04-15,3.79,9.56,4.6
2016-04-18,3.81,9.54,4.73
2016-04-19,3.85,9.86,4.86
2016-04-20,3.95,10.1,5.04
2016-04-21,3.85,10.19,4.96
2016-04-22,3.72,9.87,4.67
2016-04-25,3.77,10,4.71
2016-04-26,3.83,10.2,4.81
2016-04-27,3.82,10.23,4.78
2016-04-28,3.9,10.24,4.82
2016-04-29,3.91,10.28,4.86
2016-05-02,3.92,10.44,4.88
2016-05-03,3.8,10.3,4.71
2016-05-04,3.77,10.34,4.71
2016-05-05,3.74,10.12,4.63
2016-05-06,3.78,10.35,4.64
2016-05-09,3.69,10.27,4.57
2016-05-10,3.81,10.84,4.61
2016-05-11,3.78,10.78,4.59
2016-05-12,3.89,10.72,4.68
2016-05-13,3.91,10.65,4.75
2016-05-16,3.94,10.65,4.75
2016-05-17,3.97,10.8,4.82
2016-05-18,4,10.75,4.8
2016-05-19,3.9,10.72,4.69
2016-05-20,3.95,10.74,4.68
2016-05-23,3.98,10.59,4.62
2016-05-24,3.98,10.55,4.64
2016-05-25,4.05,10.86,4.66
2016-05-26,4.08,10.8,4.81
2016-05-27,4.13,10.87,4.82
2016-05-31,4.05,10.79,4.65
2016-06-01,4.14,11,4.74
2016-06-02,4.15,11.44,4.86
2016-06-03,4.18,11.32,4.97
2016-06-06,4.27,11.38,5.08
2016-06-07,4.28,11.41,5.09
2016-06-08,4.31,11.78,5.2
2016-06-09,4.27,11.76,5.1
2016-06-10,4.23,11.78,4.95
2016-06-13,4.3,11.69,4.91
2016-06-14,4.37,11.7,4.85
2016-06-15,4.29,11.56,4.78
2016-06-16,4.25,11.35,4.73
2016-06-17,4.38,11.6,4.81
2016-06-20,4.21,11.44,4.73
2016-06-21,3.96,11.33,4.59
2016-06-22,3.93,11.38,4.59
2016-06-23,3.87,11.25,4.54
2016-06-24,3.85,11.03,4.55
2016-06-27,3.86,11.32,4.49
2016-06-28,3.87,11.49,4.49
2016-06-29,3.76,11.42,4.39
2016-06-30,3.64,11.74,4.43
2016-07-01,3.6,11.64,4.3
2016-07-05,3.51,11.1,4.34
2016-07-06,3.42,11.02,4.29
2016-07-07,3.42,10.51,4.26
2016-07-08,3.55,10.83,4.35
2016-07-11,3.48,10.77,4.31
2016-07-12,3.52,11.02,4.39
2016-07-13,3.62,11.23,4.4
2016-07-14,3.58,10.84,4.34
2016-07-15,3.52,10.73,4.25
2016-07-18,3.57,10.78,4.3
2016-07-19,3.42,10.44,4.18
2016-07-20,3.38,10.27,4.13
2016-07-21,3.34,10.33,4.18
2016-07-22,3.35,10.07,4.25
2016-07-25,3.35,9.84,4.29
2016-07-26,3.33,9.92,4.15
2016-07-27,3.36,10.06,4.15
2016-07-28,3.31,9.97,4.1
2016-07-29,3.35,10.23,4.08
2016-08-01,3.26,9.81,4.06
2016-08-02,3.24,9.71,4.01
2016-08-03,3.25,9.74,4.1
2016-08-04,3.21,9.74,4.03
2016-08-05,3.24,9.88,4.16
2016-08-08,3.25,10.01,4.17
2016-08-09,3.22,10.05,4.17
2016-08-10,3.23,9.99,4.22
2016-08-11,3.21,10.02,4.16
2016-08-12,3.22,9.99,4.23
2016-08-15,3.27,10.24,4.22
2016-08-16,3.28,10.2,4.24
2016-08-17,3.3,10.31,4.26
2016-08-18,3.32,10.32,4.27
2016-08-19,3.34,10.27,4.27
2016-08-22,3.33,10.35,4.15
2016-08-23,3.29,10.34,4.08
2016-08-24,3.28,10.31,4.04
2016-08-25,3.24,9.98,4.01
2016-08-26,3.18,9.86,3.88
2016-08-29,3.15,9.76,3.81
2016-08-30,3.11,9.57,3.81
2016-08-31,3.13,9.46,3.83
2016-09-01,3.24,9.44,3.95
2016-09-02,3.29,9.53,3.99
2016-09-06,3.29,9.6,3.99
2016-09-07,3.33,9.76,4.03
2016-09-08,3.39,9.77,4.06
2016-09-09,3.41,9.8,4.04
2016-09-12,3.4,9.64,4.09
2016-09-13,3.3,9.44,4.01
2016-09-14,3.32,9.43,4.03
2016-09-15,3.3,9.51,4
2016-09-16,3.37,9.66,4.03
2016-09-19,3.37,9.73,4.04
2016-09-20,3.41,9.9,4.06
2016-09-21,3.4,9.76,4.08
2016-09-22,3.37,9.77,4.06
2016-09-23,3.37,9.55,4.05
2016-09-26,3.29,9.45,3.96
2016-09-27,3.32,9.53,4.04
2016-09-28,3.29,9.46,4.03
2016-09-29,3.29,9.5,3.99
2016-09-30,3.37,9.54,4.02
2016-10-03,3.46,9.73,3.96
2016-10-04,3.48,9.64,3.96
2016-10-05,3.48,9.57,4.05
2016-10-06,3.41,9.59,3.96
2016-10-07,3.4,9.57,3.95
2016-10-10,3.43,9.55,4.04
2016-10-11,3.46,9.54,4.07
2016-10-12,3.37,9.46,3.97
2016-10-13,3.5,9.56,4.16
2016-10-14,3.54,9.63,4.21
2016-10-17,3.54,9.78,4.24
2016-10-18,3.54,9.73,4.2
2016-10-19,3.58,9.82,4.2
2016-10-20,3.51,9.76,4.17
2016-10-21,3.53,9.83,4.15
2016-10-24,3.48,9.92,4.03
2016-10-25,3.49,9.91,4.04
2016-10-26,3.54,10.12,4.12
2016-10-27,3.58,10.19,4.15
2016-10-28,3.55,10.08,4.09
2016-10-31,3.55,10.1,4.16
2016-11-01,3.49,9.93,4.14
2016-11-02,3.46,9.87,4.18
2016-11-03,3.48,9.9,4.12
2016-11-04,3.49,9.91,4.14
2016-11-07,3.46,9.99,4.1
2016-11-08,3.54,10.11,4.15
2016-11-09,3.41,9.91,4.07
2016-11-10,3.44,9.98,4.05
2016-11-11,3.4,9.86,4.03
2016-11-14,3.37,9.84,3.94
2016-11-15,3.42,9.9,3.99
2016-11-16,3.39,9.86,3.97
2016-11-17,3.42,9.9,4.03
2016-11-18,3.46,9.94,4.08
2016-11-21,3.5,10.2,4.1
2016-11-22,3.51,10.3,4.07
2016-11-23,3.51,10.34,4.02
2016-11-25,3.51,10.46,4.01
2016-11-28,3.52,10.56,4
2016-11-29,3.44,10.43,3.99
2016-11-30,3.46,10.32,3.98
2016-12-01,3.43,10.3,3.96
2016-12-02,3.47,10.28,4.04
2016-12-05,3.59,10.44,4.08
2016-12-06,3.61,10.48,4.07
2016-12-07,3.58,10.49,4.01
2016-12-08,3.54,10.27,4.08
2016-12-09,3.6,10.38,4.16
2016-12-12,3.61,10.31,4.17
2016-12-13,3.61,10.28,4.18
2016-12-14,3.62,10.24,4.18
2016-12-15,3.57,10.29,4.09
2016-12-16,3.56,10.37,4.09
2016-12-19,3.53,10.22,4.05
2016-12-20,3.5,10.05,4.03
2016-12-21,3.47,10.07,4
2016-12-22,3.47,9.95,3.97
2016-12-23,3.46,9.89,3.94
2016-12-27,3.55,10.17,4.1
2016-12-28,3.48,10.11,4.02
2016-12-29,3.5,10.09,4.05
2016-12-30,3.52,10.03,4.08
2017-01-03,3.56,9.95,4.07
2017-01-04,3.6,10.15,4.19
2017-01-05,3.61,10.13,4.26
2017-01-06,3.58,9.95,4.23
2017-01-09,3.6,10.05,4.27
2017-01-10,3.58,10.14,4.27
2017-01-11,3.57,10.12,4.19
2017-01-12,3.58,10.4,4.26
2017-01-13,3.59,10.46,4.26
2017-01-17,3.66,10.69,4.34
2017-01-18,3.65,10.75,4.31
2017-01-19,3.66,10.7,4.24
2017-01-20,3.7,10.68,4.28
2017-01-23,3.7,10.58,4.33
2017-01-24,3.63,10.59,4.27
2017-01-25,3.66,10.55,4.25
2017-01-26,3.64,10.5,4.27
2017-01-27,3.63,10.49,4.21
2017-01-30,3.58,10.23,4.14
2017-01-31,3.6,10.25,4.21
2017-02-01,3.68,10.37,4.34
2017-02-02,3.68,10.37,4.35
2017-02-03,3.65,10.27,4.3
2017-02-06,3.64,10.36,4.23
2017-02-07,3.69,10.43,4.31
2017-02-08,3.71,10.59,4.33
2017-02-09,3.7,10.51,4.44
2017-02-10,3.75,10.59,4.49
2017-02-13,3.76,10.54,4.52
2017-02-14,3.74,10.45,4.5
2017-02-15,3.79,10.61,4.55
2017-02-16,3.74,10.44,4.48
2017-02-17,3.68,10.33,4.41
2017-02-21,3.69,10.26,4.36
2017-02-22,3.71,10.23,4.41
2017-02-23,3.67,10.14,4.41
2017-02-24,3.67,10.18,4.38
2017-02-27,3.65,10.18,4.31
2017-02-28,3.72,10.34,4.4
2017-03-01,3.82,10.52,4.57
2017-03-02,3.8,10.37,4.53
2017-03-03,3.81,10.38,4.54
2017-03-06,3.79,10.37,4.59
2017-03-07,3.76,10.25,4.57
2017-03-08,3.72,10.22,4.47
2017-03-09,3.67,10.11,4.44
2017-03-10,3.64,10.07,4.41
2017-03-13,3.61,10.06,4.31
2017-03-14,3.62,9.99,4.31
2017-03-15,3.64,9.98,4.36
2017-03-16,3.66,10.02,4.36
2017-03-17,3.68,10,4.36
2017-03-20,3.64,10,4.3
2017-03-21,3.61,10.02,4.27
2017-03-22,3.59,10,4.22
2017-03-23,3.57,9.91,4.21
2017-03-24,3.56,9.76,4.25
2017-03-27,3.56,9.72,4.21
2017-03-28,3.58,9.72,4.25
2017-03-29,3.59,9.69,4.26
2017-03-30,3.58,9.63,4.21
2017-03-31,3.64,9.46,4.27
2017-04-03,3.68,9.38,4.28
2017-04-04,3.63,9.38,4.27
2017-04-05,3.65,9.44,4.3
2017-04-06,3.61,9.42,4.23
2017-04-07,3.6,9.42,4.24
2017-04-10,3.67,9.42,4.29
2017-04-11,3.67,9.39,4.33
2017-04-12,3.69,9.48,4.33
2017-04-13,3.71,9.56,4.3
2017-04-17,3.67,9.53,4.21
2017-04-18,3.62,9.46,4.23
2017-04-19,3.62,9.5,4.19
2017-04-20,3.58,9.47,4.06
2017-04-21,3.57,9.51,4.05
2017-04-24,3.59,9.61,4.03
2017-04-25,3.66,9.57,4.12
2017-04-26,3.62,9.5,4.15
2017-04-27,3.66,9.53,4.24
2017-04-28,3.65,9.54,4.3
2017-05-01,3.78,9.7,4.56
2017-05-02,3.72,9.69,4.54
2017-05-03,3.75,9.75,4.54
2017-05-04,3.67,9.74,4.38
2017-05-05,3.71,9.73,4.42
2017-05-08,3.66,9.65,4.34
2017-05-09,3.67,9.74,4.3
2017-05-10,3.74,9.7,4.32
2017-05-11,3.69,9.66,4.34
2017-05-12,3.71,9.63,4.33
2017-05-15,3.68,9.65,4.23
2017-05-16,3.68,9.76,4.24
2017-05-17,3.72,9.76,4.27
2017-05-18,3.66,9.45,4.26
2017-05-19,3.73,9.53,4.35
2017-05-22,3.75,9.57,4.34
2017-05-23,3.7,9.48,4.3
2017-05-24,3.71,9.48,4.33
2017-05-25,3.69,9.4,4.31
2017-05-26,3.74,9.27,4.38
2017-05-30,3.67,9.13,4.3
2017-05-31,3.72,9.16,4.29
2017-06-01,3.71,9.12,4.29
2017-06-02,3.73,9.21,4.3
2017-06-05,3.73,9.22,4.3
2017-06-06,3.77,9.24,4.36
2017-06-07,3.85,9.31,4.45
2017-06-08,3.86,9.38,4.49
2017-06-09,3.88,9.42,4.46
2017-06-12,3.77,9.31,4.34
2017-06-13,3.81,9.33,4.45
2017-06-14,3.77,9.32,4.43
2017-06-15,3.8,9.35,4.54
2017-06-16,3.84,9.39,4.65
2017-06-19,3.75,9.38,4.67
2017-06-20,3.7,9.28,4.73
2017-06-21,3.69,9.19,4.65
2017-06-22,3.63,9.04,4.61
2017-06-23,3.58,9.05,4.6
2017-06-26,3.59,9.07,4.5
2017-06-27,3.61,9.12,4.56
2017-06-28,3.61,9.16,4.64
2017-06-29,3.66,9.19,4.9
2017-06-30,3.79,9.46,5.23
2017-07-03,3.89,9.7,5.55
2017-07-05,3.92,9.82,5.6
2017-07-06,3.91,9.86,5.39
2017-07-07,3.93,10.01,5.35
2017-07-10,4.02,10.25,5.5
2017-07-11,4.02,10.29,5.53
2017-07-12,3.86,10.21,5.37
2017-07-13,3.7,9.76,5.12
2017-07-14,3.76,9.89,5.11
2017-07-17,3.75,9.85,5.06
2017-07-18,3.77,9.9,5.04
2017-07-19,3.83,10,5.03
2017-07-20,3.91,10.13,5.06
2017-07-21,3.8,10.09,4.99
2017-07-24,3.77,9.98,4.89
2017-07-25,3.69,9.82,4.74
2017-07-26,3.73,9.9,4.78
2017-07-27,3.74,9.97,4.8
2017-07-28,3.74,10.04,4.81
2017-07-31,3.71,9.99,4.75
2017-08-01,3.63,9.64,4.61
2017-08-02,3.65,9.71,4.61
2017-08-03,3.64,9.54,4.58
2017-08-04,3.67,9.52,4.55
2017-08-07,3.72,9.64,4.64
2017-08-08,3.7,9.67,4.57
2017-08-09,3.72,9.66,4.6
2017-08-10,3.57,9.34,4.41
2017-08-11,3.61,9.38,4.39
2017-08-14,3.63,9.33,4.41
2017-08-15,3.55,9.22,4.3
2017-08-16,3.53,9.22,4.19
2017-08-17,3.51,9.3,4.14
2017-08-18,3.52,9.38,4.16
2017-08-21,3.49,9.33,4.1
2017-08-22,3.46,9.34,4.02
2017-08-23,3.42,9.35,4.03
2017-08-24,3.42,9.41,4.09
2017-08-25,3.39,9.39,4.1
2017-08-28,3.39,9.36,4.06
2017-08-29,3.4,9.33,4.14
2017-08-30,3.39,9.29,4.19
2017-08-31,3.55,9.43,4.3
2017-09-01,3.55,9.5,4.39
2017-09-05,3.59,9.69,4.43
2017-09-06,3.61,9.71,4.46
2017-09-07,3.55,9.69,4.37
2017-09-08,3.57,9.62,4.38
2017-09-11,3.58,9.6,4.35
2017-09-12,3.52,9.51,4.42
2017-09-13,3.52,9.61,4.43
2017-09-14,3.54,9.76,4.43
2017-09-15,3.55,9.69,4.49
2017-09-18,3.52,9.68,4.44
2017-09-19,3.48,9.66,4.43
2017-09-20,3.5,9.7,4.5
2017-09-21,3.5,9.71,4.53
2017-09-22,3.54,9.84,4.5
2017-09-25,3.54,9.71,4.54
2017-09-26,3.52,9.64,4.54
2017-09-27,3.54,9.66,4.62
2017-09-28,3.53,9.6,4.55
2017-09-29,3.55,9.68,4.48
2017-10-02,3.52,9.57,4.45
2017-10-03,3.5,9.55,4.48
2017-10-04,3.48,9.58,4.42
2017-10-05,3.5,9.68,4.41
2017-10-06,3.5,9.72,4.44
2017-10-09,3.5,9.67,4.36
2017-10-10,3.49,9.66,4.35
2017-10-11,3.46,9.65,4.33
2017-10-12,3.49,9.92,4.31
2017-10-13,3.53,10,4.4
2017-10-16,3.51,9.91,4.37
2017-10-17,3.5,9.85,4.35
2017-10-18,3.49,9.84,4.3
2017-10-19,3.49,9.87,4.33
2017-10-20,3.45,9.79,4.26
2017-10-23,3.51,9.81,4.37
2017-10-24,3.53,9.76,4.38
2017-10-25,3.51,9.76,4.36
2017-10-26,3.51,9.74,4.32
2017-10-27,3.49,9.8,4.27
2017-10-30,3.49,9.8,4.25
2017-10-31,3.46,9.83,4.19
2017-11-01,3.48,9.91,4.18
2017-11-02,3.51,9.99,4.26
2017-11-03,3.48,9.87,4.26
2017-11-06,3.48,9.94,4.31
2017-11-07,3.48,9.96,4.27
2017-11-08,3.48,9.99,4.27
2017-11-09,3.42,9.85,4.29
2017-11-10,3.44,9.87,4.32
2017-11-13,3.42,9.74,4.24
2017-11-14,3.38,9.68,4.28
2017-11-15,3.38,9.76,4.2
2017-11-16,3.37,9.72,4.22
2017-11-17,3.43,9.91,4.27
2017-11-20,3.45,9.9,4.22
2017-11-21,3.45,9.89,4.25
2017-11-22,3.45,9.97,4.23
2017-11-24,3.42,9.93,4.16
2017-11-27,3.41,9.96,4.13
2017-11-28,3.42,9.93,4.18
2017-11-29,3.48,9.93,4.27
2017-11-30,3.53,9.86,4.28
2017-12-01,3.59,9.94,4.39
2017-12-04,3.54,9.99,4.35
2017-12-05,3.54,10.09,4.33
2017-12-06,3.53,10.03,4.25
2017-12-07,3.52,9.92,4.22
2017-12-08,3.53,9.9,4.19
2017-12-11,3.49,9.83,4.14
2017-12-12,3.48,9.76,4.11
2017-12-13,3.49,9.79,4.17
2017-12-14,3.49,9.68,4.18
2017-12-15,3.48,9.67,4.18
2017-12-18,3.47,9.62,4.21
2017-12-19,3.48,9.56,4.2
2017-12-20,3.49,9.54,4.24
2017-12-21,3.51,9.49,4.27
2017-12-22,3.52,9.5,4.25
2017-12-26,3.53,9.62,4.22
2017-12-27,3.54,9.6,4.28
2017-12-28,3.52,9.52,4.28
2017-12-29,3.51,9.6,4.27
2018-01-02,3.53,9.65,4.34
2018-01-03,3.53,9.69,4.36
2018-01-04,3.51,9.68,4.34
2018-01-05,3.51,9.71,4.31
2018-01-08,3.47,9.67,4.28
2018-01-09,3.49,9.64,4.32
2018-01-10,3.49,9.55,4.34
2018-01-11,3.49,9.5,4.33
2018-01-12,3.46,9.61,4.21
2018-01-16,3.48,9.68,4.17
2018-01-17,3.53,9.69,4.22
2018-01-18,3.52,9.73,4.25
2018-01-19,3.53,9.77,4.23
2018-01-22,3.52,9.84,4.26
2018-01-23,3.51,9.86,4.22
2018-01-24,3.57,9.92,4.33
2018-01-25,3.55,9.92,4.35
2018-01-26,3.57,9.86,4.41
2018-01-29,3.59,9.92,4.49
2018-01-30,3.62,10,4.57
2018-01-31,3.62,9.96,4.52
2018-02-01,3.62,9.85,4.51
2018-02-02,3.62,9.79,4.47
2018-02-05,3.59,9.7,4.4
2018-02-06,3.64,9.86,4.46
2018-02-07,3.65,9.83,4.61
2018-02-08,3.66,9.88,4.56
2018-02-09,3.62,9.83,4.49
2018-02-12,3.67,10.02,4.64
2018-02-13,3.67,10.12,4.61
2018-02-14,3.67,10.17,4.56
2018-02-15,3.68,10.24,4.62
2018-02-16,3.68,10.22,4.58
2018-02-20,3.66,10.27,4.49
2018-02-21,3.66,10.34,4.47
2018-02-22,3.67,10.32,4.51
2018-02-23,3.68,10.39,4.55
2018-02-26,3.72,10.39,4.65
2018-02-27,3.76,10.45,4.72
2018-02-28,3.81,10.53,4.93
2018-03-01,3.86,10.68,5.16
2018-03-02,3.85,10.71,5
2018-03-05,3.87,10.78,5.09
2018-03-06,3.88,10.75,5.07
2018-03-07,3.87,10.65,4.97
2018-03-08,3.94,10.64,4.99
2018-03-09,3.91,10.39,4.89
2018-03-12,3.91,10.41,4.91
2018-03-13,3.92,10.49,4.87
2018-03-14,3.89,10.32,4.89
2018-03-15,3.87,10.41,4.79
2018-03-16,3.83,10.5,4.68
2018-03-19,3.75,10.23,4.51
2018-03-20,3.75,10.28,4.53
2018-03-21,3.75,10.3,4.54
2018-03-22,3.76,10.3,4.56
2018-03-23,3.77,10.28,4.6
2018-03-26,3.74,10.26,4.54
2018-03-27,3.74,10.2,4.49
2018-03-28,3.74,10.18,4.46
2018-03-29,3.88,10.45,4.51
2018-04-02,3.87,10.36,4.46
2018-04-03,3.89,10.38,4.58
2018-04-04,3.81,10.15,4.56
2018-04-05,3.9,10.31,4.65
2018-04-06,3.89,10.34,4.72
2018-04-09,3.91,10.47,4.91
2018-04-10,3.89,10.5,4.92
2018-04-11,3.87,10.48,4.87
2018-04-12,3.89,10.61,4.81
2018-04-13,3.86,10.54,4.73
2018-04-16,3.83,10.42,4.62
2018-04-17,3.8,10.46,4.66
2018-04-18,3.83,10.42,4.75
2018-04-19,3.82,10.37,4.77
2018-04-20,3.77,10.29,4.63
2018-04-23,3.79,10.21,4.62
2018-04-24,3.81,10.22,4.73
2018-04-25,3.88,10.3,4.89
2018-04-26,3.9,10.33,4.84
2018-04-27,3.95,10.52,4.97
2018-04-30,3.99,10.46,5.11
2018-05-01,4.06,10.53,5.29
2018-05-02,4.05,10.43,5.27
2018-05-03,4.08,10.53,5.38
2018-05-04,4.06,10.37,5.26
2018-05-07,4.01,10.12,5.12
2018-05-08,4.03,10.2,5.15
2018-05-09,4.03,10.16,5.11
2018-05-10,4.02,10.21,5.07
2018-05-11,3.97,10.03,4.99
2018-05-14,3.97,10.18,4.91
2018-05-15,4.02,10.19,4.94
2018-05-16,3.99,10,4.94
2018-05-17,3.95,9.95,4.98
2018-05-18,4.03,9.99,5.18
2018-05-21,4.03,10.25,5.07
2018-05-22,4.05,10.31,5.22
2018-05-23,4.09,10.39,5.31
2018-05-24,4.04,10.36,5.3
2018-05-25,4.06,10.42,5.43
2018-05-29,4,10.31,5.37
2018-05-30,3.94,10.23,5.22
2018-05-31,3.94,10.19,5.26
2018-06-01,3.92,10.21,5.23
2018-06-04,3.81,10.02,5.05
2018-06-05,3.84,10.01,5.1
2018-06-06,3.78,9.94,5.2
2018-06-07,3.76,9.74,5.27
2018-06-08,3.78,9.69,5.2
2018-06-11,3.67,9.54,5.15
2018-06-12,3.78,9.54,5.35
2018-06-13,3.76,9.36,5.17
2018-06-14,3.63,9.27,5.02
2018-06-15,3.61,9.06,5
2018-06-18,3.56,9.09,4.9
2018-06-19,3.54,8.89,4.78
2018-06-20,3.54,8.9,4.88
2018-06-21,3.57,8.81,4.95
2018-06-22,3.57,8.95,4.91
2018-06-25,3.51,8.75,4.77
2018-06-26,3.54,8.68,4.72
2018-06-27,3.56,8.7,4.83
2018-06-28,3.51,8.65,4.82
2018-06-29,3.58,8.63,5.01
2018-07-02,3.47,8.54,4.8
2018-07-03,3.52,8.48,4.91
2018-07-05,3.52,8.39,5.06
2018-07-06,3.6,8.78,5.15
2018-07-09,3.54,8.56,5.08
2018-07-10,3.48,8.56,4.92
2018-07-11,3.4,8.33,4.72
2018-07-12,3.46,8.34,4.85
2018-07-13,3.41,8.19,4.97
2018-07-16,3.42,8.3,4.89
2018-07-17,3.46,8.4,4.98
2018-07-18,3.47,8.42,4.95
2018-07-19,3.51,8.46,5.04
2018-07-20,3.55,8.5,5.16
2018-07-23,3.57,8.48,5.14
2018-07-24,3.52,8.58,5.1
2018-07-25,3.59,8.61,5.43
2018-07-26,3.62,8.62,5.37
2018-07-27,3.62,8.72,5.31
2018-07-30,3.67,8.78,5.47
2018-07-31,3.72,9.08,5.54
2018-08-01,3.65,8.92,5.58
2018-08-02,3.67,8.87,5.61
2018-08-03,3.7,8.92,5.56
2018-08-06,3.71,8.83,5.75
2018-08-07,3.71,8.95,5.68
2018-08-08,3.71,9,5.7
2018-08-09,3.69,8.93,5.65
2018-08-10,3.58,8.51,5.47
2018-08-13,3.57,8.57,5.34
2018-08-14,3.62,8.68,5.42
2018-08-15,3.62,8.58,5.32
2018-08-16,3.65,8.86,5.42
2018-08-17,3.64,8.82,5.61
2018-08-20,3.62,8.82,5.42
2018-08-21,3.6,8.75,5.27
2018-08-22,3.53,8.58,5.26
2018-08-23,3.47,8.42,5.22
2018-08-24,3.49,8.42,5.15
2018-08-27,3.47,8.35,4.99
2018-08-28,3.44,8.23,5.03
2018-08-29,3.47,8.28,5.26
2018-08-30,3.5,8.27,5.24
2018-08-31,3.62,8.41,5.4
2018-09-04,3.68,8.44,5.32
2018-09-05,3.65,8.38,5.22
2018-09-06,3.66,8.39,5.14
2018-09-07,3.67,8.44,5.11
2018-09-10,3.67,8.45,5.28
2018-09-11,3.67,8.32,5.19
2018-09-12,3.53,8.4,5.07
2018-09-13,3.51,8.33,4.97
2018-09-14,3.52,8.31,5.12
2018-09-17,3.48,8.24,5.06
2018-09-18,3.43,8.14,5.11
2018-09-19,3.46,8.3,5.23
2018-09-20,3.53,8.5,5.24
2018-09-21,3.57,8.47,5.22
2018-09-24,3.61,8.41,5.27
2018-09-25,3.64,8.46,5.21
2018-09-26,3.63,8.5,5.18
2018-09-27,3.65,8.55,5.13
2018-09-28,3.56,8.46,5.09
2018-10-01,3.66,8.58,5.1
2018-10-02,3.68,8.66,5.19
2018-10-03,3.65,8.62,5.15
2018-10-04,3.68,8.59,5.18
2018-10-05,3.68,8.69,5.21
2018-10-08,3.67,8.7,5.14
2018-10-09,3.65,8.63,5.15
2018-10-10,3.63,8.52,5.11
2018-10-11,3.69,8.58,5.08
2018-10-12,3.74,8.68,5.17
2018-10-15,3.78,8.92,5.25
2018-10-16,3.75,8.85,5.24
2018-10-17,3.74,8.86,5.18
2018-10-18,3.71,8.64,5.13
2018-10-19,3.67,8.57,5.15
2018-10-22,3.7,8.59,5.08
2018-10-23,3.7,8.58,5.09
2018-10-24,3.68,8.5,5
2018-10-25,3.61,8.42,4.87
2018-10-26,3.68,8.48,5.05
2018-10-29,3.67,8.44,5.07
2018-10-30,3.65,8.42,5
2018-10-31,3.63,8.49,5.01
2018-11-01,3.67,8.82,5.08
2018-11-02,3.71,8.88,5.09
2018-11-05,3.74,8.86,5.07
2018-11-06,3.73,8.84,5.12
2018-11-07,3.72,8.8,5.1
2018-11-08,3.74,8.79,5.08
2018-11-09,3.7,8.87,5.02
2018-11-12,3.71,8.83,5.2
2018-11-13,3.67,8.78,5.08
2018-11-14,3.67,8.84,5.03
2018-11-15,3.68,8.89,5.06
2018-11-16,3.65,8.92,5.07
2018-11-19,3.62,8.74,4.99
2018-11-20,3.61,8.81,5.01
2018-11-21,3.62,8.83,4.99
2018-11-23,3.59,8.81,5
2018-11-26,3.56,8.62,5.08
2018-11-27,3.59,8.76,5
2018-11-28,3.66,8.91,5.03
2018-11-29,3.68,8.87,5.03
2018-11-30,3.76,8.95,5.16
2018-12-03,3.82,9.06,5.21
2018-12-04,3.85,9.12,5.23
2018-12-05,3.84,9.14,5.18
2018-12-06,3.83,9.1,5.16
2018-12-07,3.86,9.17,5.31
2018-12-10,3.84,9.1,5.25
2018-12-11,3.85,9.15,5.21
2018-12-12,3.85,9.2,5.27
2018-12-13,3.84,9.07,5.36
2018-12-14,3.85,9.01,5.3
2018-12-17,3.84,9.05,5.35
2018-12-18,3.86,9.08,5.33
2018-12-19,3.82,9,5.23
2018-12-20,3.75,8.94,5.24
2018-12-21,3.79,8.85,5.14
2018-12-24,3.78,8.84,5.17
2018-12-26,3.73,8.73,5.1
2018-12-27,3.75,8.74,5.11
2018-12-28,3.76,8.9,5.12
2018-12-31,3.75,8.93,5.03
2019-01-02,3.76,9.07,5.07
2019-01-03,3.8,9.13,5.14
2019-01-04,3.83,9.22,5.17
2019-01-07,3.82,9.24,5.17
2019-01-08,3.8,9.19,5.18
2019-01-09,3.82,9.24,5.2
2019-01-10,3.76,9.07,5.14
2019-01-11,3.78,9.1,5.2
2019-01-14,3.79,9.04,5.14
2019-01-15,3.71,8.93,5.11
2019-01-16,3.74,8.95,5.13
2019-01-17,3.8,9.08,5.18
2019-01-18,3.82,9.17,5.18
2019-01-22,3.79,9.09,5.21
2019-01-23,3.79,9.15,5.26
2019-01-24,3.77,9.16,5.22
2019-01-25,3.8,9.25,5.2
2019-01-28,3.8,9.23,5.19
2019-01-29,3.77,9.19,5.13
2019-01-30,3.81,9.21,5.17
2019-01-31,3.77,9.15,5.17
2019-02-01,3.78,9.18,5.24
2019-02-04,3.79,9.19,5.26
2019-02-05,3.81,9.2,5.27
2019-02-06,3.8,9.22,5.26
2019-02-07,3.77,9.13,5.13
2019-02-08,3.74,9.15,5.17
2019-02-11,3.73,9.05,5.18
2019-02-12,3.78,9.18,5.2
2019-02-13,3.79,9.17,5.22
2019-02-14,3.75,9.04,5.07
2019-02-15,3.75,9.08,5.04
2019-02-19,3.7,9.01,4.9
2019-02-20,3.71,9.03,4.81
2019-02-21,3.76,9.11,4.87
2019-02-22,3.75,9.1,4.87
2019-02-25,3.72,9.14,4.68
2019-02-26,3.7,9.09,4.63
2019-02-27,3.7,9.11,4.64
2019-02-28,3.69,9.08,4.58
2019-03-01,3.73,9.12,4.57
2019-03-04,3.75,9.16,4.56
2019-03-05,3.76,9.14,4.63
2019-03-06,3.73,9.02,4.5
2019-03-07,3.65,9.03,4.38
2019-03-08,3.64,8.96,4.4
2019-03-11,3.62,8.9,4.29
2019-03-12,3.66,8.97,4.53
2019-03-13,3.67,9.01,4.47
2019-03-14,3.7,8.99,4.53
2019-03-15,3.73,9.09,4.62
2019-03-18,3.72,9.06,4.57
2019-03-19,3.71,9.04,4.57
2019-03-20,3.72,9.06,4.65
2019-03-21,3.76,9.11,4.67
2019-03-22,3.78,9.04,4.66
2019-03-25,3.8,9.07,4.7
2019-03-26,3.77,9.01,4.69
2019-03-27,3.74,8.88,4.7
2019-03-28,3.74,8.9,4.65
2019-03-29,3.57,8.84,4.58
2019-04-01,3.62,8.96,4.63
2019-04-02,3.62,9,4.64
2019-04-03,3.63,8.99,4.71
2019-04-04,3.65,9.07,4.71
2019-04-05,3.63,8.99,4.68
2019-04-08,3.6,8.99,4.65
2019-04-09,3.6,8.99,4.6
2019-04-10,3.62,9.02,4.58
2019-04-11,3.6,8.95,4.61
2019-04-12,3.61,8.95,4.65
2019-04-15,3.63,8.99,4.6
2019-04-16,3.59,8.88,4.45
2019-04-17,3.58,8.79,4.47
2019-04-18,3.59,8.81,4.44
2019-04-22,3.55,8.77,4.36
2019-04-23,3.51,8.62,4.39
2019-04-24,3.47,8.55,4.32
2019-04-25,3.49,8.62,4.36
2019-04-26,3.55,8.59,4.38
2019-04-29,3.58,8.55,4.32
2019-04-30,3.61,8.51,4.27
2019-05-01,3.69,8.52,4.36
2019-05-02,3.71,8.43,4.44
2019-05-03,3.71,8.42,4.38
2019-05-06,3.64,8.3,4.37
2019-05-07,3.67,8.31,4.4
2019-05-08,3.64,8.27,4.39
2019-05-09,3.53,8.13,4.3
2019-05-10,3.52,8.09,4.25
2019-05-13,3.57,8.03,4.37
2019-05-14,3.69,8.32,4.49
2019-05-15,3.7,8.36,4.49
2019-05-16,3.79,8.4,4.67
2019-05-17,3.83,8.22,4.65
2019-05-20,3.89,8.32,4.78
2019-05-21,3.94,8.22,4.79
2019-05-22,3.95,8.29,4.73
2019-05-23,3.9,8.22,4.7
2019-05-24,4.04,8.3,4.9
2019-05-28,4.2,8.56,5.05
2019-05-29,4.19,8.72,4.91
2019-05-30,4.36,8.89,5.15
2019-05-31,4.27,8.78,5.03
2019-06-03,4.24,8.79,5.2
2019-06-04,4.25,8.82,5.07
2019-06-05,4.15,8.7,4.91
2019-06-06,4.21,8.69,5.1
2019-06-07,4.16,8.56,5.05
2019-06-10,4.16,8.59,5.08
2019-06-11,4.28,8.59,5.18
2019-06-12,4.3,8.78,5.26
2019-06-13,4.42,8.88,5.36
2019-06-14,4.53,8.97,5.39
2019-06-17,4.55,9.13,5.4
2019-06-18,4.5,9.14,5.32
2019-06-19,4.41,9.03,5.22
2019-06-20,4.5,9.16,5.27
2019-06-21,4.42,9.03,5.26
2019-06-24,4.47,9.09,5.38
2019-06-25,4.49,9.05,5.37
2019-06-26,4.46,8.96,5.45
2019-06-27,4.43,8.91,5.47
2019-06-28,4.24,9.04,5.27
2019-07-01,4.16,8.9,5.12
2019-07-02,4.19,8.8,5.03
2019-07-03,4.37,8.9,5.14
2019-07-05,4.39,8.76,5.15
2019-07-08,4.4,8.79,5.11
2019-07-09,4.33,8.86,5.03
2019-07-10,4.35,8.95,5.05
2019-07-11,4.44,8.99,5.22
2019-07-12,4.54,9.13,5.23
2019-07-15,4.41,9.02,5.08
2019-07-16,4.35,8.88,5.08
2019-07-17,4.36,8.83,5.06
2019-07-18,4.25,8.81,4.94
2019-07-19,4.31,9.02,5.03
2019-07-22,4.22,8.88,4.87
2019-07-23,4.26,8.86,4.87
2019-07-24,4.24,8.91,4.98
2019-07-25,4.19,8.83,5
2019-07-26,4.15,8.84,4.96
2019-07-29,4.17,8.88,5.04
2019-07-30,4.11,8.82,4.97
2019-07-31,4,8.68,4.87
2019-08-01,3.93,8.53,4.76
2019-08-02,4,8.56,4.91
2019-08-05,4.05,8.56,4.95
2019-08-06,4.04,8.53,4.84
2019-08-07,4.07,8.54,4.88
2019-08-08,4.11,8.7,4.99
2019-08-09,4.1,8.79,5
2019-08-12,3.85,8.67,4.72
2019-08-13,3.66,8.76,4.72
2019-08-14,3.59,8.66,4.74
2019-08-15,3.61,8.58,4.69
2019-08-16,3.71,8.67,4.71
2019-08-19,3.65,8.54,4.66
2019-08-20,3.6,8.56,4.6
2019-08-21,3.63,8.61,4.63
2019-08-22,3.63,8.56,4.67
2019-08-23,3.6,8.43,4.75
2019-08-26,3.59,8.54,4.73
2019-08-27,3.59,8.49,4.74
2019-08-28,3.66,8.58,4.73
2019-08-29,3.67,8.64,4.72
2019-08-30,3.67,8.67,4.6
2019-09-03,3.61,8.69,4.54
2019-09-04,3.59,8.76,4.61
2019-09-05,3.59,8.62,4.66
2019-09-06,3.56,8.58,4.64
2019-09-09,3.54,8.58,4.75
2019-09-10,3.62,8.72,4.82
2019-09-11,3.6,8.67,4.78
2019-09-12,3.67,8.96,4.84
2019-09-13,3.69,8.99,4.84
2019-09-16,3.74,9,4.89
2019-09-17,3.68,8.94,4.84
2019-09-18,3.71,8.89,4.9
2019-09-19,3.73,8.93,4.88
2019-09-20,3.71,8.83,4.84
2019-09-23,3.73,8.93,4.83
2019-09-24,3.75,8.94,4.82
2019-09-25,3.74,8.89,4.77
2019-09-26,3.73,8.89,4.84
2019-09-27,3.72,8.83,4.87
2019-09-30,3.88,9.06,4.96
2019-10-01,3.93,9.2,4.99
2019-10-02,3.88,9.14,4.89
2019-10-03,3.89,9.12,4.89
2019-10-04,3.85,9.16,4.91
2019-10-07,3.87,9.15,4.89
2019-10-08,3.96,9.21,5
2019-10-09,3.94,9.24,5
2019-10-10,3.8,9.24,4.93
2019-10-11,3.98,9.36,5.08
2019-10-14,3.98,9.41,5.11
2019-10-15,3.93,9.34,5.07
2019-10-16,3.92,9.28,5.13
2019-10-17,3.95,9.32,5.26
2019-10-18,3.91,9.34,5.32
2019-10-21,3.87,9.33,5.24
2019-10-22,3.88,9.34,5.18
2019-10-23,3.88,9.34,5.21
2019-10-24,3.87,9.33,5.16
2019-10-25,3.87,9.2,5.18
2019-10-28,3.84,9.24,5.12
2019-10-29,3.86,9.24,5.12
2019-10-30,3.91,9.25,5.09
2019-10-31,3.9,9.29,5.09
2019-11-01,3.89,9.37,5.16
2019-11-04,3.83,9.38,5.1
2019-11-05,3.82,9.34,5.15
2019-11-06,3.79,9.28,5.17
2019-11-07,3.75,9.37,5.13
2019-11-08,3.77,9.31,5.1
2019-11-11,3.73,9.17,5.06
2019-11-12,3.78,9.17,5.17
2019-11-13,3.75,9.15,5.09
2019-11-14,3.76,9.17,5.08
2019-11-15,3.71,9.18,5.03
2019-11-18,3.68,9.1,5.07
2019-11-19,3.7,9.12,5.12
2019-11-20,3.67,9.05,5.16
2019-11-21,3.69,9.01,5.09
2019-11-22,3.69,8.97,5.15
2019-11-25,3.73,8.93,5.31
2019-11-26,3.72,8.84,5.31
2019-11-27,3.69,8.82,5.27
2019-11-29,3.79,8.77,5.43
2019-12-02,3.82,8.71,5.35
2019-12-03,3.81,8.71,5.25
2019-12-04,3.79,8.78,5.28
2019-12-05,3.77,8.84,5.24
2019-12-06,3.77,8.9,5.25
2019-12-09,3.76,8.97,5.23
2019-12-10,3.77,9.01,5.24
2019-12-11,3.71,8.94,5.19
2019-12-12,3.78,8.98,5.3
2019-12-13,3.81,9.08,5.33
2019-12-16,3.88,9.22,5.5
2019-12-17,3.9,9.29,5.56
2019-12-18,3.87,9.29,5.48
2019-12-19,3.87,9.25,5.45
2019-12-20,3.88,9.28,5.42
2019-12-23,3.89,9.34,5.4
2019-12-24,3.88,9.37,5.41
2019-12-26,3.89,9.4,5.49
2019-12-27,3.9,9.34,5.56
2019-12-30,3.88,9.47,5.56
2019-12-31,3.88,9.53,5.59
2020-01-02,3.92,9.56,5.6
2020-01-03,3.87,9.42,5.55
2020-01-06,3.85,9.45,5.5
2020-01-07,3.85,9.44,5.5
2020-01-08,3.84,9.47,5.53
2020-01-09,3.83,9.44,5.62
2020-01-10,3.86,9.46,5.65
2020-01-13,3.9,9.42,5.62
2020-01-14,3.89,9.42,5.69
2020-01-15,3.88,9.29,5.73
2020-01-16,3.76,9.24,5.65
2020-01-17,3.89,9.3,5.71
2020-01-21,3.88,9.16,5.82
2020-01-22,3.89,9.14,5.78
2020-01-23,3.94,9.1,5.81
2020-01-24,3.87,9.02,5.74
2020-01-27,3.81,8.97,5.72
2020-01-28,3.87,8.95,5.7
2020-01-29,3.84,8.93,5.62
2020-01-30,3.8,8.76,5.61
2020-01-31,3.81,8.73,5.54
2020-02-03,3.79,8.77,5.56
2020-02-04,3.82,8.8,5.57
2020-02-05,3.81,8.8,5.62
2020-02-06,3.79,8.81,5.56
2020-02-07,3.84,8.82,5.59
2020-02-10,3.82,8.84,5.52
2020-02-11,3.8,8.85,5.42
2020-02-12,3.83,8.93,5.48
2020-02-13,3.8,8.96,5.44
2020-02-14,3.78,8.94,5.43
2020-02-18,3.83,8.92,5.67
2020-02-19,3.81,8.97,5.65
2020-02-20,3.79,8.93,5.6
2020-02-21,3.77,8.91,5.51
2020-02-24,3.72,8.74,5.36
2020-02-25,3.73,8.81,5.39
2020-02-26,3.72,8.85,5.38
2020-02-27,3.67,8.92,5.28
2020-02-28,3.68,8.91,5.26
2020-03-02,3.76,9.01,5.23
2020-03-03,3.81,9.04,5.27
2020-03-04,3.85,9.07,5.18
2020-03-05,3.82,8.97,5.19
2020-03-06,3.76,8.91,5.16
2020-03-09,3.73,8.7,5.19
2020-03-10,3.78,8.76,5.22
2020-03-11,3.75,8.73,5.13
2020-03-12,3.66,8.6,5.06
2020-03-13,3.66,8.49,5.06
2020-03-16,3.55,8.22,4.98
2020-03-17,3.44,8.24,4.99
2020-03-18,3.35,8.26,5.08
2020-03-19,3.46,8.43,5.35
2020-03-20,3.44,8.63,5.39
2020-03-23,3.44,8.84,5.63
2020-03-24,3.47,8.87,5.62
2020-03-25,3.49,8.82,5.8
2020-03-26,3.49,8.8,5.69
2020-03-27,3.46,8.82,5.71
2020-03-30,3.41,8.82,5.7
2020-03-31,3.41,8.86,5.69
2020-04-01,3.35,8.63,5.5
2020-04-02,3.34,8.59,5.42
2020-04-03,3.31,8.54,5.49
2020-04-06,3.28,8.56,5.56
2020-04-07,3.32,8.55,5.49
2020-04-08,3.3,8.55,5.48
2020-04-09,3.32,8.64,5.57
2020-04-13,3.32,8.54,5.55
2020-04-14,3.26,8.47,5.49
2020-04-15,3.19,8.42,5.4
2020-04-16,3.2,8.37,5.3
2020-04-17,3.22,8.33,5.34
2020-04-20,3.14,8.27,5.49
2020-04-21,3.09,8.31,5.47
2020-04-22,3.18,8.35,5.43
2020-04-23,3.19,8.39,5.47
2020-04-24,3.16,8.32,5.27
2020-04-27,3.07,8.31,5.22
2020-04-28,3.06,8.28,5.26
2020-04-29,3.11,8.35,5.18
2020-04-30,3.18,8.54,5.25
2020-05-01,3.19,8.5,5.17
2020-05-04,3.16,8.37,5.2
2020-05-05,3.17,8.4,5.21
2020-05-06,3.14,8.33,5.18
2020-05-07,3.18,8.44,5.23
2020-05-08,3.19,8.51,5.22
2020-05-11,3.19,8.55,5.17
2020-05-12,3.22,8.52,5.15
2020-05-13,3.18,8.4,5.02
2020-05-14,3.18,8.37,5.02
2020-05-15,3.19,8.39,5
2020-05-18,3.21,8.45,4.97
2020-05-19,3.21,8.43,4.99
2020-05-20,3.2,8.47,5.14
2020-05-21,3.18,8.35,5.16
2020-05-22,3.18,8.33,5.09
2020-05-26,3.19,8.47,5.07
2020-05-27,3.21,8.49,5.05
2020-05-28,3.28,8.47,5.15
2020-05-29,3.26,8.41,5.21
2020-06-01,3.23,8.41,5.15
2020-06-02,3.24,8.51,5.08
2020-06-03,3.24,8.58,5.12
2020-06-04,3.29,8.68,5.24
2020-06-05,3.31,8.68,5.15
2020-06-08,3.34,8.65,5.12
2020-06-09,3.28,8.63,5.05
2020-06-10,3.26,8.66,5.06
2020-06-11,3.3,8.66,4.99
2020-06-12,3.3,8.71,5.02
2020-06-15,3.29,8.69,5.05
2020-06-16,3.29,8.67,4.96
2020-06-17,3.3,8.71,4.89
2020-06-18,3.31,8.73,4.84
2020-06-19,3.33,8.77,4.81
2020-06-22,3.28,8.76,4.85
2020-06-23,3.25,8.75,4.86
2020-06-24,3.24,8.71,4.81
2020-06-25,3.18,8.69,4.87
2020-06-26,3.18,8.63,4.75
2020-06-29,3.28,8.64,4.86
2020-06-30,3.41,8.8,4.91
2020-07-01,3.51,8.92,4.99
2020-07-02,3.44,8.91,4.92
2020-07-06,3.47,8.99,4.93
2020-07-07,3.44,8.97,4.95
2020-07-08,3.46,8.93,5.17
2020-07-09,3.49,8.97,5.25
2020-07-10,3.37,8.87,5.34
2020-07-13,3.29,8.74,5.25
2020-07-14,3.26,8.78,5.27
2020-07-15,3.26,8.86,5.51
2020-07-16,3.3,8.94,5.35
2020-07-17,3.33,8.98,5.35
2020-07-20,3.28,9.03,5.22
2020-07-21,3.23,8.97,5.28
2020-07-22,3.28,8.99,5.35
2020-07-23,3.28,9.06,5.3
2020-07-24,3.26,9.05,5.4
2020-07-27,3.25,9.07,5.28
2020-07-28,3.2,8.95,5.24
2020-07-29,3.16,8.89,5.33
2020-07-30,3.16,8.89,5.3
2020-07-31,3.16,8.92,5.31
2020-08-03,3.18,8.93,5.21
2020-08-04,3.08,8.8,5.08
2020-08-05,3.11,8.76,5.11
2020-08-06,3.11,8.75,5.01
2020-08-07,3.08,8.66,4.96
2020-08-10,3.11,8.7,4.91
2020-08-11,3.12,8.71,4.95
2020-08-12,3.15,8.81,4.91
2020-08-13,3.25,8.96,4.97
2020-08-14,3.25,8.97,5
2020-08-17,3.31,9.13,5.17
2020-08-18,3.27,9.12,5.08
2020-08-19,3.25,9.13,5.12
2020-08-20,3.25,9.03,5.2
2020-08-21,3.27,9.01,5.27
2020-08-24,3.32,9,5.21
2020-08-25,3.41,9.14,5.27
2020-08-26,3.43,9.2,5.34
2020-08-27,3.5,9.39,5.46
2020-08-28,3.54,9.51,5.45
2020-08-31,3.56,9.53,5.51
2020-09-01,3.58,9.55,5.64
2020-09-02,3.59,9.62,5.58
2020-09-03,3.54,9.66,5.53
2020-09-04,3.58,9.68,5.5
2020-09-08,3.62,9.73,5.44
2020-09-09,3.6,9.79,5.44
2020-09-10,3.65,9.78,5.48
2020-09-11,3.69,9.96,5.42
2020-09-14,3.7,10,5.46
2020-09-15,3.66,9.92,5.38
2020-09-16,3.72,10.11,5.42
2020-09-17,3.75,10.29,5.56
2020-09-18,3.79,10.44,5.75
2020-09-21,3.7,10.23,5.55
2020-09-22,3.69,10.2,5.58
2020-09-23,3.69,10.15,5.49
2020-09-24,3.64,10,5.5
2020-09-25,3.65,10.03,5.44
2020-09-28,3.67,9.96,5.5
2020-09-29,3.65,9.93,5.5
2020-09-30,3.79,10.24,5.78
2020-10-01,3.83,10.24,5.7
2020-10-02,3.8,10.21,5.73
2020-10-05,3.8,10.22,5.84
2020-10-06,3.85,10.44,5.93
2020-10-07,3.89,10.51,6.08
2020-10-08,3.87,10.5,5.95
2020-10-09,3.95,10.66,5.94
2020-10-12,3.89,10.34,5.94
2020-10-13,3.91,10.44,5.94
2020-10-14,3.97,10.56,5.97
2020-10-15,4.04,10.62,6.18
2020-10-16,4.02,10.5,6.25
2020-10-19,4.05,10.54,6.27
2020-10-20,4.09,10.64,6.32
2020-10-21,4.14,10.72,6.3
2020-10-22,4.16,10.74,6.23
2020-10-23,4.19,10.84,6.33
2020-10-26,4.18,10.88,6.2
2020-10-27,4.16,10.81,6.16
2020-10-28,4.02,10.56,6.09
2020-10-29,3.99,10.51,6.04
2020-10-30,3.99,10.56,5.99
2020-11-02,3.98,10.52,6.08
2020-11-03,4.01,10.64,6.08
2020-11-04,4.05,10.86,6.06
2020-11-05,4.09,11.04,6.09
2020-11-06,4.07,11.02,6.02
2020-11-09,4.08,11.11,5.98
2020-11-10,4.23,11.46,6.09
2020-11-11,4.17,11.53,5.98
2020-11-12,4.08,11.46,5.88
2020-11-13,4.11,11.48,5.94
2020-11-16,4.16,11.54,5.98
2020-11-17,4.2,11.7,5.95
2020-11-18,4.26,11.76,5.98
2020-11-19,4.23,11.78,5.92
2020-11-20,4.23,11.81,5.93
2020-11-23,4.27,11.92,5.99
2020-11-24,4.27,11.91,6.13
2020-11-25,4.23,11.84,5.92
2020-11-27,4.3,11.92,6.02
2020-11-30,4.25,11.69,5.84
2020-12-01,4.21,11.62,5.77
2020-12-02,4.24,11.53,5.89
2020-12-03,4.27,11.68,5.85
2020-12-04,4.21,11.63,5.76
2020-12-07,4.24,11.59,5.78
2020-12-08,4.2,11.46,5.7
2020-12-09,4.24,11.59,5.83
2020-12-10,4.21,11.53,5.97
2020-12-11,4.24,11.61,6.15
2020-12-14,4.24,11.7,5.97
2020-12-15,4.25,11.84,6
2020-12-16,4.27,11.84,5.99
2020-12-17,4.33,12.01,6.09
2020-12-18,4.38,12.2,6.08
2020-12-21,4.4,12.43,6.11
2020-12-22,4.44,12.47,6.17
2020-12-23,4.47,12.59,6.3
2020-12-24,4.51,12.64,6.27
2020-12-28,4.57,12.56,6.14
2020-12-29,4.66,12.96,6.19
2020-12-30,4.75,13.02,6.41
2020-12-31,4.84,13.12,6.41
2021-01-04,4.84,13.13,6.42
2021-01-05,4.92,13.47,6.54
2021-01-06,4.95,13.62,6.48
2021-01-07,4.94,13.55,6.42
2021-01-08,4.96,13.75,6.39
2021-01-11,4.92,13.73,6.35
2021-01-12,5.17,14.18,6.65
2021-01-13,5.25,14.06,6.61
2021-01-14,5.34,14.31,6.7
2021-01-15,5.32,14.17,6.76
2021-01-19,5.26,13.86,6.72
2021-01-20,5.22,13.7,6.68
2021-01-21,5.24,13.7,6.61
2021-01-22,5.01,13.12,6.35
2021-01-25,5.12,13.44,6.49
2021-01-26,5.32,13.7,6.65
2021-01-27,5.34,13.75,6.58
2021-01-28,5.35,13.53,6.47
2021-01-29,5.47,13.7,6.63
2021-02-01,5.49,13.65,6.51
2021-02-02,5.43,13.55,6.45
2021-02-03,5.52,13.71,6.48
2021-02-04,5.5,13.73,6.38
2021-02-05,5.49,13.67,6.41
2021-02-08,5.64,13.88,6.56
2021-02-09,5.56,14.02,6.5
2021-02-10,5.35,13.54,6.36
2021-02-11,5.41,13.68,6.34
2021-02-12,5.39,13.72,6.37
2021-02-16,5.52,13.85,6.58
2021-02-17,5.53,13.84,6.44
2021-02-18,5.5,13.75,6.63
2021-02-19,5.43,13.77,6.51
2021-02-22,5.51,13.84,6.64
2021-02-23,5.54,14.07,6.67
2021-02-24,5.58,14.25,6.82
2021-02-25,5.52,14.07,6.74
2021-02-26,5.49,14.04,6.59
2021-03-01,5.38,13.91,6.5
2021-03-02,5.45,14.13,6.66
2021-03-03,5.35,14.08,6.56
2021-03-04,5.33,14.11,6.51
2021-03-05,5.46,14.3,6.53
2021-03-08,5.47,14.34,6.47
2021-03-09,5.46,14.4,6.57
2021-03-10,5.34,14.1,6.53
2021-03-11,5.39,14.14,6.43
2021-03-12,5.39,14.13,6.39
2021-03-15,5.5,14.2,6.45
2021-03-16,5.54,14.23,6.47
2021-03-17,5.58,14.18,6.4
2021-03-18,5.47,13.92,6.31
2021-03-19,5.58,14.16,6.27
2021-03-22,5.49,14.18,6.27
2021-03-23,5.51,14.23,6.35
2021-03-24,5.53,14.33,6.25
2021-03-25,5.47,14.14,6.13
2021-03-26,5.53,14.01,6.13
2021-03-29,5.47,13.93,6.17
2021-03-30,5.39,13.67,6.02
2021-03-31,5.64,14.37,6.18
2021-04-01,5.6,14.02,6.11
2021-04-05,5.53,14.13,6.18
2021-04-06,5.54,14.19,6.16
2021-04-07,5.61,14.09,6.16
2021-04-08,5.8,14.15,6.29
2021-04-09,5.77,14.03,6.39
2021-04-12,5.69,13.82,6.28
2021-04-13,5.8,13.9,6.3
2021-04-14,5.94,14.1,6.48
2021-04-15,5.9,14.18,6.54
2021-04-16,5.86,14.33,6.53
2021-04-19,5.92,14.5,6.52
2021-04-20,6.07,14.72,6.6
2021-04-21,6.26,14.97,6.73
2021-04-22,6.51,15.33,7.1
2021-04-23,6.56,15.4,7.1
2021-04-26,6.81,15.69,7.4
2021-04-27,6.87,15.44,7.34
2021-04-28,6.69,15.4,7.24
2021-04-29,6.7,15.18,7.32
2021-04-30,6.87,15.42,7.36
2021-05-03,6.8,15.24,7.18
2021-05-04,6.97,15.38,7.27
2021-05-05,7.09,15.42,7.45
2021-05-06,7.19,15.7,7.53
2021-05-07,7.32,15.9,7.62
2021-05-10,7.12,15.88,7.31
2021-05-11,7.22,16.15,7.42
2021-05-12,7.15,16.43,7.3
2021-05-13,6.75,15.84,7.02
2021-05-14,6.44,15.86,7.07
2021-05-17,6.53,15.88,7
2021-05-18,6.58,15.74,6.98
2021-05-19,6.58,15.38,6.79
2021-05-20,6.65,15.33,6.75
2021-05-21,6.6,15.26,6.74
2021-05-24,6.57,15.23,6.62
2021-05-25,6.2,15.12,6.57
2021-05-26,6.25,15.04,6.49
2021-05-27,6.65,15.37,6.76
2021-05-28,6.57,15.31,6.64
2021-06-01,6.89,15.49,6.94
2021-06-02,6.75,15.63,6.88
2021-06-03,6.62,15.49,6.76
2021-06-04,6.83,15.84,6.88
2021-06-07,6.79,15.6,6.8
2021-06-08,6.8,15.8,6.85
2021-06-09,6.91,15.63,6.82
2021-06-10,6.99,15.44,6.84
2021-06-11,6.85,15.09,6.81
2021-06-14,6.59,14.72,6.75
2021-06-15,6.68,14.66,6.62
2021-06-16,6.73,14.49,6.63
2021-06-17,6.33,13.3,6.39
2021-06-18,6.55,13.96,6.63
2021-06-21,6.59,14.15,6.62
2021-06-22,6.6,13.95,6.51
2021-06-23,6.64,13.85,6.61
2021-06-24,6.53,13.71,6.51
2021-06-25,6.15,13.24,6.38
2021-06-28,6.29,13.49,6.48
2021-06-29,6.13,13.48,6.44
2021-06-30,6.23,14.34,6.78
2021-07-01,6.02,14.3,6.66
2021-07-02,5.92,14.33,6.53
2021-07-05,5.92,14.33,6.53
2021-07-06,5.52,13.44,6.26
2021-07-07,5.43,13.67,6.22
2021-07-08,5.37,13.65,6.18
2021-07-09,5.3,13.79,6.15
2021-07-12,5.45,14.04,6.41
2021-07-13,5.51,14.15,6.34
2021-07-14,5.68,14.53,6.54
2021-07-15,5.64,14.48,6.72
2021-07-16,5.56,14.55,6.93
2021-07-19,5.56,14.28,6.98
2021-07-20,5.72,14.44,7.01
2021-07-21,5.72,14.39,7.11
2021-07-22,5.65,14.16,6.92
2021-07-23,5.47,14.01,6.84
2021-07-26,5.5,14.13,6.77
2021-07-27,5.49,14.08,6.75
2021-07-28,5.49,14.07,6.89
2021-07-29,5.58,14.05,7.05
2021-07-30,5.47,13.67,7.04
2021-08-02,5.59,13.56,7.3
2021-08-03,5.51,13.24,7.25
2021-08-04,5.46,13.32,7.17
2021-08-05,5.56,13.36,7.13
2021-08-06,5.55,13.44,7.19
2021-08-09,5.5,13.42,7.11
2021-08-10,5.49,13.48,7.27
2021-08-11,5.56,13.47,7.27
2021-08-12,5.67,13.47,7.54
2021-08-13,5.68,13.73,7.62
2021-08-16,5.65,13.76,7.61
2021-08-17,5.58,13.69,7.35
2021-08-18,5.62,13.58,7.37
2021-08-19,5.5,13.23,7.28
2021-08-20,5.39,12.94,7.14
2021-08-23,5.38,12.94,7.2
2021-08-24,5.45,13.37,7.18
2021-08-25,5.51,13.46,7.11
2021-08-26,5.52,13.59,7.28
2021-08-27,5.56,13.45,7.24
2021-08-30,5.42,13.04,7.18
2021-08-31,5.34,12.94,7.19
2021-09-01,5.23,12.78,7.14
2021-09-02,5.26,12.83,7.17
2021-09-03,5.24,12.92,7.26
2021-09-06,5.24,12.92,7.26
2021-09-07,5.11,12.77,7.2
2021-09-08,5.1,12.8,7.1
2021-09-09,5.1,12.71,6.92
2021-09-10,5.18,12.87,6.89
2021-09-13,5.13,12.85,6.87
2021-09-14,5.2,12.83,7.01
2021-09-15,5.34,12.95,7.12
2021-09-16,5.3,12.96,7.13
2021-09-17,5.27,12.84,7.09
2021-09-20,5.22,12.63,7.01
2021-09-21,5.17,12.74,6.9
2021-09-22,5.26,12.83,7.06
2021-09-23,5.29,12.84,7.18
2021-09-24,5.27,12.85,7.24
2021-09-27,5.4,12.88,7.22
2021-09-28,5.33,12.77,7.07
2021-09-29,5.39,12.84,7.1
2021-09-30,5.37,12.56,7.26
2021-10-01,5.42,12.47,7.55
2021-10-04,5.41,12.36,7.57
2021-10-05,5.38,12.51,7.45
2021-10-06,5.32,12.42,7.46
2021-10-07,5.34,12.47,7.41
2021-10-08,5.31,12.43,7.34
2021-10-11,5.33,12.28,7.32
2021-10-12,5.23,11.98,7.34
2021-10-13,5.12,11.95,7.19
2021-10-14,5.17,12.06,7.25
2021-10-15,5.26,12.18,7.34
2021-10-18,5.33,12.22,7.36
2021-10-19,5.3,12.28,7.36
2021-10-20,5.39,12.46,7.49
2021-10-21,5.32,12.24,7.41
2021-10-22,5.38,12.21,7.56
2021-10-25,5.38,12.37,7.6
2021-10-26,5.44,12.4,7.52
2021-10-27,5.57,12.43,7.6
2021-10-28,5.63,12.41,7.73
2021-10-29,5.68,12.47,7.73
2021-11-01,5.79,12.49,7.97
2021-11-02,5.73,12.56,7.92
2021-11-03,5.64,12.44,7.81
2021-11-04,5.59,12.23,7.74
2021-11-05,5.53,12.06,7.67
2021-11-08,5.52,11.89,7.68
2021-11-09,5.55,12.12,7.79
2021-11-10,5.69,12.17,8.03
2021-11-11,5.7,12.22,8.13
2021-11-12,5.77,12.44,8.17
2021-11-15,5.77,12.57,8.26
2021-11-16,5.71,12.51,8.1
2021-11-17,5.75,12.77,8.22
2021-11-18,5.73,12.65,8.2
2021-11-19,5.71,12.63,8.23
2021-11-22,5.77,12.74,8.46
2021-11-23,5.81,12.73,8.56
2021-11-24,5.81,12.67,8.39
2021-11-26,5.89,12.53,8.31
2021-11-29,5.82,12.42,8.16
2021-11-30,5.67,12.17,7.85
2021-12-01,5.72,12.28,7.91
2021-12-02,5.77,12.44,8.15
2021-12-03,5.84,12.67,8.04
2021-12-06,5.84,12.62,8.06
2021-12-07,5.86,12.5,8.09
2021-12-08,5.87,12.61,7.95
2021-12-09,5.92,12.65,7.77
2021-12-10,5.9,12.68,7.85
2021-12-13,5.85,12.44,7.89
2021-12-14,5.9,12.6,7.87
2021-12-15,5.86,12.63,7.56
2021-12-16,5.91,12.77,7.71
2021-12-17,5.93,12.85,7.75
2021-12-20,5.91,12.92,7.78
2021-12-21,5.98,13.08,7.99
2021-12-22,6.03,13.29,8.14
2021-12-23,6.06,13.32,8.15
2021-12-24,6.06,13.32,8.15
2021-12-26,6.06,13.32,8.15
2021-12-27,6.15,13.63,8.04
2021-12-28,6.05,13.61,7.84
2021-12-29,6.06,13.61,7.88
2021-12-30,5.96,13.34,7.8
2021-12-31,5.93,13.37,7.71
2022-01-03,5.89,13.56,7.58
2022-01-04,6.1,13.9,7.7
2022-01-05,6.02,13.95,7.61
2022-01-06,6.04,13.87,7.46
2022-01-07,6.07,14.1,7.59
2022-01-10,6,13.85,7.62
2022-01-11,6.01,13.87,7.7
2022-01-12,5.99,13.99,7.58
2022-01-13,5.88,13.77,7.47
2022-01-14,5.96,13.7,7.42
2022-01-18,6,13.61,7.69
2022-01-19,6.11,13.91,7.97
2022-01-20,6.11,14.26,7.9
2022-01-21,6.16,14.14,7.8
2022-01-24,6.21,14.03,8.01
2022-01-25,6.2,14.07,8.18
2022-01-26,6.27,14.4,7.95
2022-01-27,6.25,14.48,7.77
2022-01-28,6.36,14.7,7.86
2022-01-31,6.26,14.91,7.61
2022-02-01,6.35,15.29,7.69
2022-02-02,6.23,15.45,7.55
2022-02-03,6.17,15.44,7.52
2022-02-04,6.21,15.54,7.63
2022-02-07,6.35,15.82,7.69
2022-02-08,6.32,15.69,7.79
2022-02-09,6.47,15.95,7.85
2022-02-10,6.42,15.74,7.72
2022-02-11,6.51,15.83,7.98
2022-02-14,6.56,15.7,7.99
2022-02-15,6.38,15.51,7.8
2022-02-16,6.47,15.88,7.81
2022-02-17,6.5,15.92,7.98
2022-02-18,6.54,16.02,7.97
2022-02-21,6.54,16.02,7.97
2022-02-22,6.75,16.35,8.44
2022-02-23,6.83,16.74,8.78
2022-02-24,6.93,16.59,9.3
2022-02-25,6.57,15.87,8.53
2022-02-28,6.92,16.38,9.33
2022-03-01,7.26,16.9,9.84
2022-03-02,7.25,16.63,10.59
2022-03-03,7.48,16.68,11.34
2022-03-04,7.54,16.61,12.09
2022-03-07,7.51,16.6,12.94
2022-03-08,7.53,16.9,12.87
2022-03-09,7.33,16.72,12.02
2022-03-10,7.56,16.86,10.87
2022-03-11,7.63,16.76,11.07
2022-03-14,7.48,16.71,10.96
2022-03-15,7.58,16.59,11.54
2022-03-16,7.3,16.49,10.69
2022-03-17,7.55,16.69,10.98
2022-03-18,7.42,16.68,10.64
2022-03-21,7.56,16.91,11.19
2022-03-22,7.53,16.97,11.18
2022-03-23,7.58,17.19,11.06
2022-03-24,7.48,17.01,10.86
2022-03-25,7.54,17.1,11.02
2022-03-28,7.49,16.64,10.57
2022-03-29,7.26,16.43,10.14
2022-03-30,7.38,16.64,10.27
2022-03-31,7.49,16.18,10.06
2022-04-01,7.35,15.83,9.85
2022-04-04,7.51,16.02,10.1
2022-04-05,7.6,16.31,10.45
2022-04-06,7.57,16.2,10.38
2022-04-07,7.58,16.46,10.2